10.0038,10.29,4.2493,8.2931,-0.718,3.0625,1.4682,0.78961,-0.87711,-0.56446,0.29794,-0.1339,0.0027634,0.002574,-7.0559e-05,0.00071956,-0.0038032,-0.00017509,0.0010983,-0.001068,-0.0016057,0.0001024,0.0001332,-0.00012594,21.3735,23.3103,21.9529,24.0572,13.3946,19.8358,14.4942,9.9896,8.4747,6.3775,4.5443,1.147,10.9139,11.1686,14.4986,14.9779,13.6053,13.6081,11.6266,10.5605,10.0342,6.4458,2.9269,1.2784,-2.362,-10.929,-15.3537,-8.3269,-17.0222,-12.6046,-14.0238,-11.7895,-10.6182,-7.6074,-2.8919,-1.2379,-8.0205,-21.0268,-19.5392,-15.4799,-14.0195,-17.4401,-11.2343,-11.435,-7.7356,-5.3149,-3.64,-1.1017,23.7355,34.2394,37.3066,32.3841,30.4168,32.4404,28.518,21.7791,19.0929,13.9849,7.4362,2.3848,18.9344,32.1955,34.0377,30.4579,27.6248,31.0481,22.8609,21.9955,17.7698,11.7607,6.5669,2.3802
6.89,9.8675,3.0849,6.7214,-4.2494,1.3519,0.021727,-1.1399,0.41277,-0.76138,-0.2828,-0.11137,0.0071829,0.0079992,0.0027619,0.0035043,-0.0012709,0.0014148,0.0023655,-0.00088445,0.00032938,0.00099392,0.00035402,-0.00026878,18.8203,21.0823,19.8392,26.8243,13.118,19.8358,15.5673,10.0944,9.5324,7.0063,3.5957,1.2577,12.6797,13.6697,11.2168,15.7049,13.3253,16.7412,14.2868,14.1249,10.0342,6.4458,3.4673,1.145,-9.0551,-9.3893,-19.3322,-13.8974,-25.1434,-21.0402,-13.9209,-15.9644,-9.899,-9.1064,-3.5145,-1.5847,-9.8531,-14.8803,-12.8565,-16.2013,-13.5138,-15.2469,-16.7799,-9.7402,-8.3692,-5.781,-2.9412,-1.4451,27.8754,30.4716,39.1715,40.7217,38.2614,40.876,29.4881,26.0589,19.4314,16.1126,7.1102,2.8424,22.5327,28.55,24.0733,31.9062,26.8391,31.9881,31.0667,23.8652,18.4034,12.2268,6.4086,2.5901
9.2666,10.5571,0.71113,3.3459,-5.7867,1.9516,1.8919,-0.83886,-0.66751,0.12353,-0.14551,-0.09223,0.0096564,0.010114,0.0040898,0.0038854,-3.5109e-05,0.0025527,0.0032177,0.00062397,0.00041649,0.00022947,0.00031652,0.00011036,20.7273,21.7807,15.0291,23.5181,13.5936,19.8077,18.4541,9.6723,8.565,8.149,4.0457,1.0628,15.4213,16.5787,11.9071,13.7728,14.2532,13.5641,10.5014,10.0225,6.7092,6.3359,2.9958,1.2071,-9.3534,-8.4209,-19.549,-17.3407,-25.4873,-16.7327,-11.1957,-14.0395,-11.3041,-5.3805,-3.711,-1.3479,-7.4542,-19.4253,-12.0832,-15.3998,-20.0224,-15.8407,-13.7868,-9.7561,-9.3156,-6.5036,-3.0662,-1.0696,30.0807,30.2016,34.5781,40.8587,39.0809,36.5404,29.6498,23.7118,19.8691,13.5295,7.7567,2.4107,22.8755,36.004,23.9903,29.1726,34.2756,29.4048,24.2882,19.7786,16.0248,12.8395,6.062,2.2767
7.6791,10.2365,2.0458,2.9609,-4.9476,3.6348,1.3371,0.024557,-0.19527,-0.98675,-0.39935,-0.080928,0.0058289,0.008758,0.00043853,0.00057198,-0.001931,0.0057688,0.0008075,-0.00029749,0.0011143,-3.5655e-05,-0.00051844,-0.00081877,19.9858,22.6592,20.7971,23.2268,9.6205,20.88,16.6689,13.0934,9.7929,4.9386,3.4285,1.0449,15.9895,20.9971,11.6709,15.2791,12.929,18.3776,11.4823,9.7168,7.3125,5.9759,3.2233,1.264,-14.5878,-9.3809,-14.8521,-17.2459,-35.1173,-18.443,-14.2886,-14.2331,-9.6076,-7.1359,-3.7955,-1.5642,-15.4862,-13.3694,-13.3377,-14.2397,-15.9902,-15.7446,-12.8679,-10.4367,-8.7854,-5.1158,-4.5043,-1.2887,34.5736,32.0401,35.6492,40.4727,44.7378,39.323,30.9574,27.3264,19.4006,12.0745,7.224,2.6091,31.4757,34.3666,25.0086,29.5189,28.9192,34.1222,24.3503,20.1536,16.0979,11.0918,7.7277,2.5527
6.4582,7.7315,0.94455,5.4656,-3.5962,3.3915,0.79619,-0.89921,0.39649,-0.51205,-0.12955,-0.066974,0.00075338,0.0055041,-0.0026702,-0.0020547,-0.0017245,0.0068181,0.0024221,0.0016254,0.0012769,-0.00053704,-0.00078442,-0.00070123,18.2691,21.6347,20.3107,27.8787,11.1565,19.8242,13.5962,10.7377,10.2895,5.3542,4.6228,1.3967,9.6925,10.0527,11.3506,16.5983,13.7592,16.5375,12.0589,9.7147,8.8892,6.7711,3.2072,1.2855,-16.3153,-17.2372,-22.6517,-13.642,-23.2847,-16.5723,-11.583,-13.0221,-8.4022,-7.8211,-3.1756,-1.2746,-13.3858,-18.041,-12.4312,-14.836,-15.7917,-17.5767,-11.7991,-10.8755,-7.3883,-5.7967,-3.662,-1.246,34.5844,38.8719,42.9624,41.5207,34.4412,36.3965,25.1791,23.7599,18.6917,13.1752,7.7984,2.6713,23.0784,28.0938,23.7818,31.4343,29.551,34.1143,23.8581,20.5901,16.2776,12.5678,6.8692,2.5315
8.1324,10.0018,-0.078592,2.354,-4.2249,4.2483,1.8624,0.094569,-0.11533,-0.6562,-0.31944,-0.12859,0.0037989,0.0069072,-0.00032659,0.00065548,-0.0035082,0.0039202,0.00061755,7.3607e-05,0.0021287,0.00026964,-0.00067691,-0.00060038,21.2594,23.282,19.4461,18.8287,10.2009,20.6541,18.7174,10.7377,9.9066,5.2505,3.2184,1.1848,13.8469,12.1536,11.1272,13.7497,11.8838,14.9672,12.0589,10.2066,7.3661,5.9423,3.3431,1.3878,-17.2888,-8.936,-21.0978,-16.1302,-31.8186,-15.1773,-12.4066,-8.8547,-7.8623,-6.6146,-3.006,-1.452,-16.9372,-15.6707,-12.6009,-16.5376,-14.634,-16.6567,-15.7192,-10.0906,-8.641,-6.3815,-3.5153,-1.2059,38.5482,32.2181,40.5439,34.9589,42.0196,35.8314,31.124,19.5925,17.7689,11.8651,6.2244,2.6368,30.7842,27.8243,23.7281,30.2872,26.5178,31.6239,27.7781,20.2973,16.0072,12.3238,6.8584,2.5937
8.2485,8.3196,0.15649,4.6936,-4.327,2.8051,1.3247,-0.31049,0.68741,-0.45747,-0.36906,-0.15883,0.0051444,0.006457,-0.0011949,0.0006529,-0.0035573,0.002398,-0.0026087,-0.0018872,0.00046626,-5.8856e-05,-0.00049242,-0.00020739,20.9862,24.318,16.871,25.5651,9.4342,21.3072,17.2121,11.9706,10.0511,6.9644,3.5535,1.1994,12.155,12.4346,11.3611,15.4951,12.4764,14.6645,12.6728,10.1846,7.6263,6.85,3.7906,1.3902,-11.2487,-14.5833,-22.06,-16.2267,-25.3074,-23.6801,-12.7801,-12.5661,-10.1483,-6.5399,-4.4624,-1.4137,-11.0316,-12.9099,-11.4489,-17.7348,-17.3382,-14.2613,-12.5846,-9.8179,-8.3955,-6.3223,-3.3585,-1.1933,32.2349,38.9012,38.9311,41.7918,34.7416,44.9872,29.9922,24.5367,20.1994,13.5044,8.0159,2.6131,23.1866,25.3445,22.8101,33.2299,29.8146,28.9259,25.2574,20.0025,16.0218,13.1723,7.149,2.5835
8.2086,7.8106,-0.54537,4.5762,-4.0266,2.198,0.086461,0.019976,1.1627,-0.56077,-0.30532,-0.12723,0.006008,0.0081244,0.0011314,0.0022827,-0.0030178,0.0029478,-0.0013707,-0.00050154,0.0020059,0.00017356,-0.00078967,-0.00044423,20.1747,21.4672,19.0395,26.552,9.8439,17.6267,14.5152,11.6907,10.8555,5.5325,3.4208,1.1879,13.7764,15.1864,15.5916,12.9984,13.2952,13.2517,12.6103,10.1945,6.9384,6.6806,3.1075,1.2411,-14.115,-10.8838,-20.405,-14.0277,-21.6274,-20.782,-14.7547,-11.2952,-9.3156,-7.0138,-3.4069,-1.2084,-10.3284,-13.6175,-11.0182,-18.777,-14.0049,-14.9259,-11.5376,-13.3884,-7.6343,-7.1667,-3.2859,-1.2052,34.2897,32.351,39.4445,40.5797,31.4713,38.4087,29.2699,22.9859,20.1711,12.5462,6.8276,2.3963,24.1048,28.8039,26.6098,31.7754,27.3001,28.1776,24.1479,23.5829,14.5727,13.8473,6.3933,2.4463
7.9663,10.079,2.4917,5.6906,-3.9597,2.2036,0.36229,-1.0794,-0.27693,-0.60139,-0.45683,-0.14637,0.0018656,0.0051466,-0.0015357,0.0013858,-0.00012547,0.0024204,0.00048654,-8.0085e-05,0.0004389,-0.0022338,-0.0008914,3.4468e-05,23.2821,21.2446,18.5712,21.5684,10.5234,21.1823,19.3117,10.5954,9.5259,6.0279,2.8913,1.5582,10.2839,10.8247,11.9197,12.4309,12.8326,16.4465,13.8692,9.1961,8.1272,5.4422,3.5304,1.3159,-15.3599,-9.9202,-18.1978,-13.3619,-21.5421,-16.6009,-14.9393,-13.2169,-11.4643,-6.226,-3.8708,-2.1251,-13.9044,-14.0004,-18.8976,-13.9728,-14.2057,-16.9562,-10.7116,-9.9301,-8.3613,-5.8188,-3.0129,-1.196,38.6419,31.1648,36.769,34.9303,32.0655,37.7831,34.251,23.8123,20.9902,12.2539,6.7621,3.6833,24.1883,24.8251,30.8173,26.4038,27.0384,33.4027,24.5808,19.1262,16.4886,11.2611,6.5432,2.5119
7.6871,7.38,-1.0506,5.5099,-3.5393,2.5628,0.48203,-0.93928,0.98409,-0.3599,-0.2731,-0.11967,0.002299,0.0056955,-0.0014167,0.0021179,-0.00068063,0.0022211,0.0015454,0.00094714,0.0017528,-0.0024078,-0.00057201,3.9776e-05,20.1412,27.7553,17.7555,25.636,11.485,20.2715,13.3313,10.3394,11.5147,6.5822,3.9601,1.4267,11.323,13.7118,12.3234,16.2196,13.0742,16.4465,10.7876,11.0126,9.0003,5.8079,3.9482,1.4938,-12.8204,-14.9944,-23.6766,-17.2401,-23.4756,-17.9045,-14.0464,-12.5306,-6.9562,-7.2258,-4.1192,-1.6004,-13.5044,-13.2776,-15.002,-18.2165,-12.8922,-14.4753,-12.1034,-10.1821,-7.819,-5.7862,-3.9262,-1.3849,32.9616,42.7497,41.432,42.876,34.9606,38.1761,27.3777,22.87,18.4709,13.808,8.0793,3.0271,24.8274,26.9894,27.3254,34.4361,25.9664,30.9217,22.891,21.1947,16.8193,11.5941,7.8744,2.8787
6.9748,8.3792,0.29849,4.4989,-3.7641,3.4706,0.89922,-0.16036,0.47429,-0.58786,-0.58036,-0.22557,0.0028161,0.007732,0.00084141,0.0043542,8.1877e-05,0.0016559,0.0013669,0.0016377,0.001206,-0.0013935,-7.4521e-05,0.00014913,20.1586,21.6906,19.0463,27.5354,12.3217,20.2715,18.4089,10.4055,10.6701,6.0895,4.1426,0.90303,10.007,14.3521,11.4739,13.5582,14.2527,17.5734,12.2751,11.4213,7.4656,5.2853,4.3051,1.2518,-14.6643,-15.3673,-28.549,-17.1168,-22.7213,-16.1673,-16.453,-12.2541,-9.8441,-6.5544,-4.9928,-1.7393,-9.2988,-16.9672,-15.002,-16.1582,-15.8648,-16.7434,-12.4723,-10.1603,-7.5373,-7.5122,-3.6395,-1.2208,34.8229,37.0579,47.5952,44.6522,35.0429,36.4388,34.8619,22.6596,20.5142,12.6439,9.1354,2.6423,19.3059,31.3192,26.4759,29.7164,30.1175,34.3168,24.7474,21.5816,15.0029,12.7976,7.9446,2.4726
8.9963,9.364,1.2037,7.0802,-2.188,3.6898,1.6433,-0.9684,0.56683,-0.57244,0.0368,0.014919,0.00083208,0.0034351,-0.0040888,-0.00042417,-0.0036475,-0.00057246,-0.00027427,-0.00084654,0.0012806,-0.0015768,-0.00038282,0.00022162,18.8066,23.2506,17.8958,29.5578,14.4269,20.2715,15.1343,10.3815,8.7958,5.839,4.5133,1.6719,11.7996,15.7238,12.1563,12.2931,15.7703,16.4465,12.5408,11.4213,7.7801,5.5595,3.1339,1.2002,-2.9039,-14.8739,-23.2712,-13.1693,-23.8071,-20.28,-12.2431,-13.9909,-9.9331,-8.8269,-3.6663,-1.3057,-8.8116,-13.7752,-15.002,-12.3981,-13.8345,-14.4753,-11.4341,-11.1292,-7.8055,-5.5559,-3.4705,-1.1253,21.7106,38.1244,41.1669,42.7271,38.234,40.5515,27.3774,24.3723,18.7289,14.666,8.1796,2.9776,20.6112,29.499,27.1582,24.6911,29.6048,30.9217,23.9749,22.5506,15.5856,11.1153,6.6044,2.3255
7.9806,7.6414,-1.1263,2.8345,-4.7373,4.6166,2.5647,0.17056,0.64194,-0.41275,-0.40413,-0.1879,0.0013191,0.0044831,-0.0030461,-0.00059882,-0.00096711,0.0029863,0.00068262,-0.00073303,0.0012526,-0.001149,-0.00047792,0.00016188,19.1899,22.0962,13.1832,17.9871,10.6203,22.3258,19.4639,14.4549,11.293,7.0373,3.3166,1.1648,12.2501,14.3609,12.6622,13.1862,13.4051,16.4465,13.8529,10.0329,8.5264,7.2957,3.128,1.5047,-10.4949,-15.0018,-23.3673,-15.5915,-26.6196,-11.6762,-13.6421,-12.4898,-10.0646,-7.8529,-3.6937,-1.4925,-11.1141,-13.4969,-15.002,-15.9269,-13.8382,-14.4753,-11.7278,-11.1481,-8.6423,-8.3,-3.325,-1.4363,29.6848,37.098,36.5505,33.5786,37.2399,34.0021,33.106,26.9447,21.3576,14.8902,7.0103,2.6573,23.3642,27.8578,27.6642,29.1131,27.2434,30.9217,25.5807,21.181,17.1687,15.5958,6.4529,2.941
8.5933,8.9749,-0.1888,5.8316,-3.1653,1.781,1.1055,-0.51457,0.34811,0.07203,-0.23874,-0.15794,0.0017641,0.0028948,-0.0040142,-0.0011336,-0.0028258,-0.0010946,-0.00093955,6.9154e-05,0.00041221,-0.0014392,1.6794e-05,6.4435e-05,21.2271,22.7979,14.2809,25.1894,15.0372,20.2715,17.3051,12.2627,10.1303,6.9837,3.6364,1.1349,14.1967,12.1589,12.6622,20.1572,15.3647,16.4465,14.3217,11.4778,8.5264,6.6255,3.128,1.5047,-6.6812,-13.4119,-21.8401,-14.4686,-30.4161,-22.6248,-15.3305,-12.7903,-10.2351,-6.3365,-3.9172,-1.3151,-9.977,-24.1624,-15.002,-16.6821,-22.773,-15.5093,-14.5371,-11.3415,-8.3115,-8.3,-3.0308,-1.2199,27.9083,36.2098,36.1209,39.658,45.4533,42.8963,32.6356,25.053,20.3654,13.3202,7.5536,2.45,24.1737,36.3213,27.6642,36.8393,38.1377,31.9558,28.8588,22.8194,16.8379,14.9255,6.1588,2.7245
8.3404,10.8162,1.6109,4.9746,-3.2736,1.8829,0.069373,-0.4349,0.50436,-0.078888,-0.33557,-0.22932,0.0027709,0.0011501,-0.0037281,-0.0015908,-0.0032092,-3.9883e-05,-2.2964e-05,0.00017156,0.00020856,-0.0017208,-6.3183e-05,0.00022349,20.324,21.2389,19.1062,21.4974,11.115,20.2715,17.3051,10.9445,9.0486,6.9479,3.2236,1.0054,14.2657,13.1068,12.827,13.4804,14.4311,16.4465,12.143,11.6523,10.9457,5.7596,3.3635,1.5047,-15.8649,-4.1574,-15.2852,-14.4686,-28.5234,-18.462,-15.2841,-15.3617,-8.6385,-5.8945,-3.5559,-1.6312,-12.1022,-12.6371,-15.002,-15.9269,-13.8382,-14.4753,-15.282,-10.7918,-8.3115,-6.1749,-3.016,-1.2676,36.1889,25.3963,34.3913,35.966,39.6385,38.7336,32.5892,26.3062,17.6871,12.8424,6.7794,2.6366,26.3679,25.7439,27.829,29.4073,28.2693,30.9217,27.425,22.4442,19.2572,11.9345,6.3795,2.7723
8.2974,10.1035,1.2198,6.1093,-2.7812,2.6249,1.0124,-0.5137,0.85112,-0.095523,-0.23524,-0.20226,0.0010733,0.0045633,-0.0037945,-0.0023499,-0.0046486,0.00084345,0.00042029,-0.00036954,0.00028921,-0.0015252,0.00022268,0.00021586,20.9892,26.0871,14.8078,25.1064,12.7462,20.2715,17.3051,9.789,9.0997,6.2608,3.7814,1.1046,11.2611,13.9522,13.268,12.9094,13.8371,16.4465,14.3482,9.859,8.5264,5.4687,4.3806,1.3079,-12.7196,-14.2336,-22.1147,-12.8734,-23.3878,-23.5058,-12.7559,-11.4771,-7.4507,-6.9473,-3.5559,-1.9006,-8.5211,-18.4068,-15.002,-15.9269,-13.3711,-14.4753,-13.7349,-9.9049,-9.5211,-5.7217,-3.257,-1.2715,33.7088,40.3207,36.9225,37.9798,36.134,43.7773,30.061,21.266,16.5503,13.2081,7.3373,3.0052,19.7822,32.359,28.27,28.8364,27.2082,30.9217,28.0831,19.764,18.0475,11.1904,7.6376,2.5794
8.9765,10.7782,0.63985,5.3602,-1.9577,2.9521,1.2606,-0.36014,0.71077,-0.069597,-0.23222,-0.16757,-0.0028144,0.001248,-0.0035971,-0.00055526,-0.0030484,0.00059899,-0.00026111,-0.00019468,0.00085565,-0.0019162,-0.00038428,0.00028069,20.6235,22.4754,14.501,21.6747,11.4533,20.2715,17.3051,10.0039,8.8345,5.7196,2.9277,1.3086,10.1868,12.1589,12.4554,13.2399,13.749,16.4465,12.3401,10.6211,8.5264,6.7674,3.0906,1.3452,-6.5695,-17.4438,-23.7172,-18.1207,-24.8984,-17.2138,-10.3447,-11.5271,-8.789,-5.4493,-3.5559,-1.3443,-13.7949,-16.5928,-15.002,-15.9269,-15.2355,-14.4753,-11.7278,-9.8372,-8.2506,-5.4843,-2.9651,-1.2153,27.193,39.9193,38.2182,39.7954,36.3517,37.4853,27.6498,21.531,17.6236,11.1689,6.4836,2.6529,23.9816,28.7517,27.4573,29.1668,28.9845,30.9217,24.0679,20.4583,16.777,12.2518,6.0557,2.5605
8.4517,10.9908,2.1551,6.4652,-1.7725,2.1584,0.58758,-1.6018,0.051518,-0.18575,-0.2039,-0.021725,-0.00049426,0.0040781,0.001843,0.0043741,-0.0020039,0.00235,0.0032796,-0.00025803,0.0016269,0.0013277,-0.00053199,-0.00037202,22.7077,23.7877,20.1615,27.1359,12.9867,16.2568,13.8245,11.6605,10.4956,5.8137,4.0818,1.2171,13.4443,12.3197,13.4539,14.9233,15.2124,14.9767,12.4651,9.4999,9.8361,5.6483,3.6145,1.3245,-8.0832,-11.0495,-12.5631,-13.8626,-22.9949,-17.5901,-12.8673,-14.8118,-10.8454,-6.0587,-3.3231,-1.2133,-15.5521,-16.6915,-11.8193,-12.4624,-13.9012,-14.8911,-13.2927,-10.27,-8.4239,-5.8867,-3.9153,-1.1381,30.7909,34.8372,32.7245,40.9985,35.9816,33.8469,26.6918,26.4723,21.341,11.8724,7.4049,2.4304,28.9964,29.0112,25.2731,27.3857,29.1136,29.8678,25.7578,19.7698,18.26,11.535,7.5297,2.4626
8.5988,9.6753,2.194,6.7754,-2.5169,1.7368,0.29179,-1.7834,0.45368,-0.3579,-0.37341,-0.070233,0.0019857,0.0043899,-0.0007938,0.0032098,-4.8879e-05,0.0014509,0.0016703,-0.00015533,0.00076011,0.00048218,-0.0008784,-0.00034706,21.9057,23.1812,20.1615,25.4074,12.7487,17.0685,13.3632,11.6605,10.7612,5.555,4.0818,1.2389,14.4732,12.8304,12.367,15.025,13.6624,13.2096,13.57,10.7781,9.8361,5.6483,3.2568,1.2689,-13.3523,-9.448,-17.7975,-13.8626,-21.0863,-16.9325,-15.3213,-13.7401,-10.8454,-6.0587,-3.3657,-1.3577,-10.5181,-14.6726,-12.7586,-13.8154,-14.3944,-14.3104,-12.5632,-10.1673,-9.8491,-5.328,-3.7534,-1.3975,35.2581,32.6291,37.9589,39.27,33.835,34.0011,28.6846,25.4006,21.6066,11.6137,7.4475,2.5966,24.9913,27.503,25.1256,28.8404,28.0567,27.52,26.1332,20.9453,19.6853,10.9763,7.0102,2.6664
7.5123,8.4779,2.7273,7.6114,-3.96,2.2974,0.36715,-1.334,0.35127,-0.14288,-0.20716,-0.10302,-0.00041504,0.0014965,-0.0032267,0.00098105,-0.001582,0.00048083,-0.00035163,-0.0013053,0.0014795,0.0006872,-0.0006996,-0.00021207,20.2439,22.9359,21.1328,25.4074,12.6665,18.0569,14.4175,11.6605,10.4956,6.4173,4.5519,1.2171,14.0592,12.4625,17.7211,14.9233,13.6022,13.4234,13.0134,9.7558,9.8361,5.6483,3.4172,1.2689,-17.5004,-17.5497,-17.4759,-13.8626,-25.6973,-16.8937,-14.4127,-13.7401,-10.8454,-6.3654,-4.1698,-1.2611,-11.1181,-14.6726,-12.6059,-21.2524,-18.1002,-13.4529,-11.1427,-8.7345,-8.4239,-6.2399,-3.7553,-1.3211,37.7443,40.4856,38.6087,39.27,38.3637,34.9506,28.8302,25.4006,21.341,12.7827,8.7217,2.4782,25.1773,27.135,30.3271,36.1757,31.7024,26.8763,24.1561,18.4902,18.26,11.8882,7.1725,2.59
7.4541,9.258,2.5642,6.171,-4.1624,1.9546,0.077297,-0.98409,0.16147,-0.5535,-0.32009,-0.086289,0.00099593,0.0036647,-0.0013822,0.0022047,-0.000644,0.00080109,0.00042267,-0.00022119,0.00089335,7.8416e-05,-0.00022667,-0.00026478,20.8457,23.8541,20.5543,25.4074,12.1068,16.2568,14.589,11.6605,10.4956,6.7587,3.5657,1.596,15.3562,13.3207,14.5506,14.9233,16.6868,12.3132,12.329,9.7803,9.8361,5.6483,3.4172,1.2689,-13.3179,-10.3756,-22.5884,-19.7237,-23.3332,-14.7616,-15.8823,-13.8119,-10.8454,-6.0587,-3.7523,-1.2487,-12.0665,-15.1043,-11.9474,-21.2524,-18.1002,-12.9461,-12.1081,-9.4674,-8.4239,-5.328,-3.5183,-1.2394,34.1636,34.2297,43.1427,45.1311,35.4399,31.0184,30.4713,25.4724,21.341,12.8174,7.3179,2.8446,27.4227,28.425,26.498,36.1757,34.7871,25.2593,24.4371,19.2477,18.26,10.9763,6.9355,2.5083
8.4807,9.3353,0.50529,4.4893,-4.9622,1.4761,0.48845,-0.99637,0.011346,-0.16706,-0.15486,-0.056726,0.0028155,0.0049383,-0.0012297,0.001781,-0.00087071,0.001088,0.00038682,0.00018174,0.0021646,0.00090484,-0.00032959,-0.0002683,20.6051,23.236,20.1615,25.4074,12.7484,17.7999,16.1949,11.6605,10.4956,5.1999,3.1028,1.2627,15.7574,14.7153,12.1765,14.9233,13.3159,16.8784,13.4485,10.1441,9.8361,6.1961,3.4172,1.4514,-14.962,-8.8002,-21.5736,-13.8626,-29.0809,-15.6046,-16.6905,-14.8226,-11.8947,-6.0918,-3.5383,-1.2334,-14.7268,-14.6726,-12.0932,-21.2524,-18.1002,-14.0844,-12.7116,-8.8947,-8.4239,-6.1978,-3.3671,-1.1381,35.5671,32.0362,41.7351,39.27,41.8293,33.4045,32.8854,26.4831,22.3903,11.2917,6.6411,2.4961,30.4842,29.3878,24.2697,36.1757,31.4162,30.9628,26.1601,19.0388,18.26,12.3939,6.7843,2.5895
7.3166,9.1469,1.3324,6.5887,-2.8688,2.2233,0.57078,-0.89408,1.0295,-0.24914,-0.054729,-0.0675,0.00033714,0.0021361,-0.0043403,0.00082409,0.0019768,0.0030914,0.0020805,0.00032669,8.9672e-05,-1.6079e-05,-0.0007626,-0.00028479,18.279,24.5549,17.7857,21.4482,14.4726,21.5714,13.3632,11.6605,10.4956,7.5722,5.2011,1.4107,17.0791,13.0521,12.7867,14.9156,13.6913,18.5628,13.3614,10.9238,9.8361,6.6051,4.057,1.3585,-10.1167,-14.2355,-21.5532,-12.9165,-21.6868,-17.8251,-12.7097,-12.9533,-6.6699,-7.4768,-3.6002,-1.2229,-15.2115,-16.4949,-12.8805,-14.1461,-15.3337,-15.6403,-12.142,-10.2326,-8.4239,-5.8047,-3.1917,-1.2068,28.3957,38.7904,39.3389,34.3647,36.1595,39.3965,26.0729,24.6138,17.1655,15.049,8.8013,2.6336,32.2906,29.547,25.6672,29.0617,29.025,34.2031,25.5034,21.1563,18.26,12.4097,7.2487,2.5653
7.7842,10.3392,1.1917,5.1856,-2.9266,2.6263,0.98955,-0.14806,0.31391,-0.64762,-0.34648,-0.060332,0.00123,0.0036842,-0.0026116,0.0017661,0.0003842,0.0027464,0.00080699,-0.0005914,0.0004521,-2.1089e-05,-0.00048332,-0.00022288,21.1214,22.7236,17.7857,24.115,14.4726,21.5714,15.3267,11.6605,10.812,4.9526,3.7652,1.1509,13.4474,10.7105,12.3907,17.2211,14.335,15.6297,12.0511,10.9358,9.8361,6.0336,4.057,1.3663,-6.3272,-10.2556,-18.2766,-15.2125,-25.7715,-15.801,-15.5191,-15.5009,-14.4115,-7.8928,-3.9043,-1.2052,-12.3656,-15.4028,-11.7862,-15.4375,-13.3834,-15.4928,-11.9705,-9.0385,-8.4239,-5.8047,-3.4073,-1.1668,27.4486,32.9791,36.0623,39.3276,40.2442,37.3724,30.8457,27.1614,25.2235,12.8453,7.6695,2.3561,25.813,26.1133,24.1769,32.6585,27.7184,31.1225,24.0216,19.9743,18.26,11.8383,7.4643,2.533
7.7119,9.2687,-0.33911,5.7296,-1.9118,2.482,-0.11166,-0.50504,0.88205,-0.40623,-0.37288,-0.12556,-0.00033176,0.0023885,-0.0023707,0.0010981,-0.00077247,0.001093,0.00020699,-0.00068352,0.001912,0.00091513,-4.8247e-06,-0.00025395,20.5373,23.0361,17.7857,21.9143,14.4726,21.5714,13.3632,11.6605,14.9078,6.214,3.3786,1.1237,11.7325,14.1584,11.7948,14.9156,14.3603,13.1985,11.7421,10.9238,9.8361,5.6483,4.057,1.2689,-11.6093,-15.2765,-28.9687,-14.5549,-21.0385,-14.2673,-14.9253,-13.5681,-6.2516,-6.5988,-3.5767,-1.2052,-11.5128,-14.6726,-14.9278,-12.8774,-13.5131,-14.044,-11.1289,-9.2856,-8.4239,-5.8047,-2.9354,-1.2791,32.1466,38.3126,46.7545,36.4692,35.5111,35.8387,28.2886,25.2286,21.1594,12.8128,6.9553,2.3289,23.2453,28.831,26.7226,27.793,27.8734,27.2425,22.8711,20.2093,18.26,11.4529,6.9924,2.548
7.9377,10.5043,0.44791,3.9253,-3.8375,3.2146,0.6118,-0.62339,0.79272,-0.087368,-0.12803,-0.1562,0.0013164,0.003925,-0.00068539,0.004811,0.0037152,0.0048095,0.0030903,0.0021447,0.0019148,0.00074796,-4.1213e-06,-0.00035759,18.7755,26.4124,18.2348,19.1552,14.4726,21.5714,14.4609,13.0316,10.8589,7.577,4.5343,1.181,12.1821,13.4572,14.929,14.9156,14.6339,18.185,13.6315,10.9238,9.8361,6.1889,4.057,1.2883,-13.4006,-7.6557,-16.3222,-17.9097,-29.469,-11.9057,-12.1358,-12.8777,-10.3661,-6.3672,-3.5494,-1.4324,-12.5934,-14.6726,-12.3672,-13.8221,-14.5061,-13.8306,-12.2242,-10.5484,-8.4239,-6.0473,-3.589,-1.6204,32.176,34.0681,34.557,37.0649,43.9417,33.4771,26.5967,25.9092,21.2251,13.9442,8.0837,2.6133,24.7755,28.1297,27.2961,28.7377,29.14,32.0155,25.8557,21.4722,18.26,12.2362,7.6459,2.9087
7.1601,11.2311,1.3973,4.6704,-2.7541,2.2751,-0.49223,-0.48154,0.28995,-0.38476,-0.19232,-0.098489,-0.0027879,0.0031697,0.0015413,0.0057765,0.0019303,0.0014248,0.0026603,-0.00058078,0.00041191,0.0013074,-0.00062051,-0.00015984,18.6429,24.0329,21.996,21.7246,14.4726,21.5714,15.4428,12.2673,10.4956,5.1548,3.7068,0.96843,14.4059,13.4638,14.5727,15.1725,13.2714,19.7565,12.8442,11.1542,9.8361,6.3039,4.057,1.2689,-17.5808,-8.407,-19.4222,-11.4929,-21.2534,-16.9197,-18.1199,-11.5715,-8.8839,-5.4875,-3.473,-1.2506,-12.6591,-14.6726,-13.0846,-14.7325,-14.0873,-13.9974,-12.9469,-12.2828,-8.4239,-6.0959,-3.2121,-1.3489,36.2238,32.4399,41.4181,33.2174,35.7261,38.4911,33.5627,23.8389,19.3795,10.6423,7.1798,2.2191,27.065,28.1364,27.6573,29.9049,27.3587,33.7539,25.7911,23.437,18.26,12.3998,7.2691,2.6179
8.4156,8.6939,1.5618,5.4921,-2.6693,2.2788,0.46976,-1.6351,-0.30389,0.066302,0.023046,-0.17721,-0.002449,0.0074313,0.00022255,0.0013624,-0.00037686,0.0024615,-0.00063026,0.00049365,0.0015177,-1.7159e-05,0.00010037,-0.00039417,25.7409,22.8542,26.8252,29.8073,14.4726,21.5714,15.1612,11.6605,10.4956,5.9646,3.9542,1.14,9.1547,19.8179,14.5727,14.9156,14.1651,15.5857,13.9297,10.6081,9.8361,6.3039,4.057,1.2689,-17.5808,-10.6487,-23.6967,-13.4219,-24.9445,-22.2969,-18.1199,-16.0822,-10.7752,-5.2394,-3.473,-1.6957,-16.975,-16.2866,-12.8724,-12.1899,-14.0873,-13.8778,-12.9469,-12.2828,-9.0894,-7.1324,-3.2432,-1.2249,43.3217,33.5029,50.5219,43.2291,39.4172,43.8682,33.281,27.7427,21.2708,11.204,7.4272,2.8357,26.1298,36.1046,27.4451,27.1055,28.2524,29.4634,26.8767,22.8909,18.9256,13.4364,7.3002,2.4938
8.5141,10.4504,2.4784,6.819,-1.2387,3.1222,0.085997,0.49953,0.48945,-0.28897,-0.019786,-0.17351,0.00074447,0.0028136,-0.0016197,0.0027905,0.00025832,0.0019011,0.00057755,-0.00027078,0.0013673,0.00058367,-0.00037719,-0.00019151,24.2789,25.6314,18.8251,23.5902,14.4726,21.5714,15.1612,13.41,10.4956,5.6668,4.7928,1.108,12.1646,14.8222,14.5727,15.2694,14.776,13.9735,15.5737,9.8442,9.8361,6.3039,4.057,1.3367,-4.5905,-10.2626,-15.5634,-11.4929,-21.2534,-16.7112,-18.1199,-11.0391,-6.843,-6.4471,-3.473,-1.3228,-8.4169,-14.6726,-12.8724,-12.9363,-15.1088,-14.2498,-12.9469,-12.2828,-8.4239,-6.0959,-3.7752,-1.3009,28.8694,35.894,34.3885,35.0831,35.7261,38.2826,33.281,24.4491,17.3387,12.1138,8.2659,2.4308,20.5815,29.4947,27.4451,28.2057,29.8848,28.2233,28.5206,22.127,18.26,12.3998,7.8322,2.6376
8.9026,10.2629,0.7241,4.035,-2.7086,3.3494,1.599,1.2128,0.4544,-0.61548,-0.20018,-0.20107,-0.0026822,0.004498,0.00194,0.002611,-0.00069977,0.0036589,0.0024032,-0.0011243,0.0027049,0.00031177,-0.00099098,2.9878e-07,24.1609,24.3587,21.3433,19.4907,14.4726,21.5714,15.1612,14.8668,10.4956,5.6536,4.0657,1.6209,10.2072,15.5841,18.0541,14.9156,14.9848,15.6084,12.8442,12.9497,9.8361,6.3039,4.057,1.2689,-18.1373,-8.5969,-15.5634,-11.7769,-23.7562,-16.7112,-18.1199,-11.0391,-10.3086,-7.0373,-3.473,-1.26,-13.651,-15.2957,-12.8724,-12.1899,-17.4681,-15.9789,-13.8456,-12.2828,-8.9342,-6.0959,-3.2121,-1.3442,42.2982,32.9556,36.9067,31.2676,38.2289,38.2826,33.281,25.9059,20.8042,12.6908,7.5388,2.881,23.8582,30.8798,30.9265,27.1055,32.4529,31.5873,26.6898,25.2325,18.7704,12.3998,7.2691,2.6131
8.9666,10.0386,-0.011866,3.442,-2.8836,3.1119,1.194,1.1744,0.80235,-0.51893,-0.21659,-0.2107,-0.0020689,0.0022217,-0.0019682,0.00028445,-0.0012229,0.0021374,0.0018476,0.00066431,0.0025656,0.00043416,-0.0007018,-9.6032e-05,22.0559,22.8542,17.7857,22.3833,14.4726,21.5714,15.1612,14.2235,10.4956,5.6387,3.7068,1.3128,10.2118,10.7105,14.5727,15.7861,19.2166,15.6583,12.8442,9.268,9.8361,6.3039,4.3716,1.2689,-6.3544,-16.6695,-22.5952,-13.3361,-25.1857,-19.2691,-18.1199,-11.0391,-8.2747,-6.9525,-3.473,-1.5679,-10.884,-16.7568,-12.8724,-14.4763,-14.0873,-13.983,-12.9469,-12.2828,-9.4976,-6.2693,-3.3465,-1.4147,28.4103,39.5237,40.3809,35.7193,39.6584,40.8405,33.281,25.2626,18.7704,12.5912,7.1798,2.8807,21.0958,27.4673,27.4451,30.2624,33.3038,29.6413,25.7911,21.5507,19.3338,12.5732,7.7181,2.6836
7.9744,9.9793,2.2714,4.6997,-3.0403,2.8991,0.79819,1.4361,0.61353,-0.57093,-0.2593,-0.25965,0.00034566,0.0039259,-0.0010018,0.0023704,-0.00050081,0.0023749,0.0016025,0.00041089,0.002079,0.0010991,-0.0002651,-0.00018508,24.3308,25.5815,20.9683,25.5403,14.4726,21.5714,15.1612,15.2686,10.4956,4.9526,3.7068,1.2859,9.0286,13.8088,14.5727,18.3625,13.686,13.5771,12.8442,10.0613,10.7076,6.3039,4.057,1.3904,-13.616,-8.407,-15.7253,-17.0071,-25.1245,-19.2109,-18.1199,-10.8697,-9.9223,-8.9163,-3.473,-1.6337,-10.4049,-14.6726,-13.8708,-15.9383,-15.3183,-15.622,-13.1557,-12.2828,-8.6014,-6.4815,-3.5494,-1.1497,37.9468,33.9885,36.6937,42.5474,39.5971,40.7823,33.281,26.1384,20.418,13.8689,7.1798,2.9196,19.4334,28.4814,28.4435,34.3009,29.0043,29.1991,25.9998,22.3441,19.309,12.7854,7.6064,2.5401
9.439,9.3037,-0.34208,4.5034,-1.2167,3.3544,0.76816,0.90163,0.85818,-0.030619,0.15998,-0.18764,0.0015552,0.0029379,-0.001464,0.0031994,0.00011642,0.001373,0.00038999,-0.00026233,0.0019405,0.0008715,-0.00061524,-0.00045572,23.2393,22.3273,18.536,20.74,14.4726,21.5714,15.1612,13.58,10.4956,6.1143,5.1287,1.2382,15.0984,15.6664,14.5727,14.9156,14.7575,15.886,12.8442,11.1913,9.8361,6.3039,4.057,1.7346,-13.5488,-10.2366,-19.2246,-14.7891,-23.0464,-16.0936,-18.1199,-10.8697,-10.5304,-5.5958,-3.473,-1.3964,-7.9493,-17.1115,-13.4512,-13.5979,-15.5966,-15.0836,-13.1557,-12.2828,-8.4239,-6.3615,-3.2121,-1.2024,36.7882,32.5639,37.7606,35.5291,37.519,37.6649,33.281,24.4497,21.026,11.7101,8.6017,2.6345,23.0476,32.7779,28.0239,28.5135,30.3541,30.9696,25.9998,23.4741,18.26,12.6655,7.2691,2.937
7.6289,9.3739,-0.79861,4.5764,-1.6832,4.8714,1.0949,-1.3091,0.5029,0.24541,0.1573,-0.20134,0.0022862,0.005378,6.8058e-05,0.0047168,0.0023582,0.0041698,0.0023234,0.00049392,0.0016848,0.00062011,-0.00033594,-0.00025476,19.294,25.4191,17.7857,20.6709,14.4726,21.5714,14.6933,11.6605,10.4956,7.352,4.8501,1.3174,15.626,15.3237,14.5727,14.9156,13.8644,15.294,13.1165,10.6448,9.8361,6.6429,4.057,1.3988,-11.2668,-10.077,-24.1945,-16.4393,-22.8307,-13.5827,-15.5486,-16.4917,-8.1491,-5.4973,-3.473,-1.3649,-7.3456,-14.6726,-12.825,-16.0441,-16.7153,-13.7453,-14.7769,-12.2828,-8.4239,-6.4147,-3.6964,-1.2764,30.5608,35.4961,41.9802,37.1102,37.3033,35.1541,30.2419,28.1522,18.6448,12.8493,8.3232,2.6824,22.9716,29.9962,27.3977,30.9597,30.5796,29.0392,27.8934,22.9276,18.26,13.0576,7.7534,2.6752
9.0521,9.9732,0.20381,4.8594,-1.0172,3.6092,0.60385,1.0708,0.59064,-0.54101,-0.077944,-0.17721,0.0016951,0.004073,-0.00071983,0.0034203,0.00025786,0.002309,0.0024224,0.00013257,0.0013023,0.0006253,-0.00068854,-0.00018463,24.6664,25.7763,17.7857,20.6709,14.4726,21.5714,13.3632,13.9425,10.4956,6.4232,4.627,1.1634,13.4223,12.981,14.5727,14.9156,19.8579,15.516,11.7421,11.0918,9.8361,6.3039,4.057,1.4727,-7.1313,-17.6493,-17.861,-12.1299,-19.6358,-13.8321,-17.3008,-10.5893,-10.1399,-7.5442,-3.8366,-1.3467,-11.2373,-17.6556,-12.7572,-14.606,-13.6359,-15.2463,-13.0991,-12.2828,-8.4239,-5.5774,-4.3452,-1.3067,31.7977,43.4256,35.6468,32.8008,34.1084,35.4035,30.664,24.5319,20.6355,13.9674,8.4636,2.5102,24.6596,30.6366,27.3298,29.5216,33.4939,30.7624,24.8413,23.3746,18.26,11.8813,8.4022,2.7794
8.8398,9.4448,1.6833,5.9805,-0.66075,3.7419,0.91893,1.0452,0.56539,-0.41988,0.14835,-0.17533,-1.4386e-05,0.0025452,-0.0019811,0.0018423,-0.00088995,0.00095564,-7.7308e-07,-0.0013066,0.00055121,-4.5105e-05,-0.00062525,-0.0002563,22.7922,22.5075,22.7381,22.0297,17.5281,21.5714,13.5652,13.2241,10.4956,8.1446,4.8081,1.2722,12.2354,13.9136,15.8878,14.9156,14.2071,13.2269,15.4317,9.1276,9.8361,6.3039,4.057,1.2689,-8.6152,-11.9129,-17.9486,-10.1998,-21.2121,-13.3954,-16.8192,-10.5893,-12.4477,-7.0392,-3.473,-1.298,-7.878,-14.6726,-13.7463,-12.7559,-13.7493,-13.3773,-12.921,-12.2828,-8.7893,-5.7883,-3.2121,-1.3373,31.4075,34.4203,40.6867,32.2295,38.7402,34.9667,30.3845,23.8134,22.9434,15.1838,8.2811,2.5702,20.1135,28.5861,29.6341,27.6715,27.9564,26.6042,28.3527,21.4104,18.6254,12.0922,7.2691,2.6062
8.5272,10.1548,2.6522,7.8138,0.77178,3.615,0.063259,0.49102,-0.054967,-1.0115,-0.12992,-0.17093,0.0019938,0.005205,-0.000122,0.0030607,0.00035476,0.0031196,0.0029469,0.00072481,0.0016339,0.00082279,-8.4253e-05,-0.00015997,21.221,25.666,19.2779,27.3947,14.7721,21.5714,13.3632,15.17,10.4956,6.118,5.3593,1.0616,14.2399,10.7105,15.8199,14.9156,15.1884,16.1298,14.1036,9.1276,9.8361,6.7589,4.057,1.2689,-6.7474,-11.9834,-12.9777,-10.0181,-17.3664,-12.8682,-17.226,-12.987,-11.5963,-9.8504,-3.473,-1.2052,-14.5116,-19.8563,-13.7463,-13.2238,-14.5539,-14.5317,-18.17,-12.2828,-8.8155,-5.5774,-3.2121,-1.4656,27.9684,37.6494,32.2556,37.4128,32.1385,34.4396,30.5893,28.1571,22.0919,15.9684,8.8323,2.2668,28.7515,30.5669,29.5662,28.1394,29.7424,30.6615,32.2736,21.4104,18.6517,12.3362,7.2691,2.7345
8.7682,9.5873,1.3476,5.4952,-0.25602,4.1638,0.36112,0.60621,0.39988,-0.69186,0.040827,-0.16656,0.00091068,0.0040426,-0.0005962,0.0038253,0.0011623,0.0028985,0.0015145,-0.00029581,0.00076976,-0.00022999,-0.00080276,-0.00032961,22.775,22.3442,19.8254,21.7716,15.1455,21.5714,16.0798,16.0811,10.4956,5.8267,4.6167,0.96843,11.3898,14.5331,14.5727,14.9156,15.7685,15.9694,14.1036,10.235,9.8361,6.3039,4.057,1.3279,-10.5423,-11.3101,-13.4699,-13.8447,-29.709,-13.4541,-17.5904,-11.4058,-11.1277,-9.3921,-3.473,-1.4501,-10.4645,-20.4904,-13.7463,-12.7376,-15.9331,-13.3773,-11.1289,-12.2828,-8.4239,-5.5774,-3.3804,-1.3665,33.3173,33.6543,33.2953,35.6163,44.8545,35.0255,33.6702,27.4868,21.6234,15.2188,8.0898,2.4186,21.8544,35.0235,28.319,27.6532,31.7016,29.3467,25.2325,22.5178,18.26,11.8813,7.4374,2.6944
8.4037,9.3821,1.2254,6.3137,0.14906,3.7881,-0.081062,0.24487,0.17364,-0.54497,0.076378,-0.16652,0.0018732,0.0046501,5.0636e-05,0.0038899,0.0003274,0.0018702,0.0012683,-0.00080476,0.00044575,0.00022803,-0.00034032,-0.00043011,21.9257,22.3062,18.4424,27.3232,14.4726,21.5714,13.9174,11.7786,10.4956,6.3456,4.2451,1.243,13.9051,10.7105,14.8644,14.9156,13.4816,14.5279,14.1036,12.2854,9.8361,6.3039,4.057,1.3419,-13.0182,-13.7983,-15.0932,-13.1551,-17.031,-16.5008,-16.334,-11.3717,-9.7742,-6.9833,-3.473,-1.3329,-13.7534,-14.6726,-13.7463,-15.8357,-17.6535,-16.7923,-12.3924,-12.2828,-8.4239,-6.2632,-3.3577,-1.4216,34.9439,36.1045,33.5356,40.4784,31.5037,38.0722,30.2514,23.1503,20.2699,13.3289,7.7181,2.576,27.6585,25.3831,28.6108,30.7513,31.1351,31.3201,26.496,24.5682,18.26,12.5671,7.4147,2.7635
8.5523,9.0833,-0.97171,5.4391,-0.62876,4.5488,1.6691,0.90168,0.19431,-0.4095,-0.04027,-0.17634,0.0016124,0.0038828,-0.0029132,0.00096771,-0.00064586,0.00082179,0.0011212,0.00033612,0.0017565,0.0010412,-0.0002471,-0.00017704,23.994,23.6867,17.7857,20.6709,14.4726,21.5714,19.1689,16.3052,10.4956,6.0579,4.6704,1.3517,13.424,15.8397,14.5727,15.8867,15.4162,14.6892,11.7421,11.8678,9.8361,6.3039,4.057,1.3244,-7.161,-14.5469,-24.5126,-12.8542,-19.7971,-17.7516,-12.324,-10.5893,-10.963,-6.962,-3.473,-1.4884,-8.2962,-14.6726,-14.4215,-14.0176,-13.8166,-13.7039,-11.1289,-12.2828,-8.4239,-5.5774,-3.2648,-1.3386,31.155,38.2336,42.2983,33.5251,34.2698,39.323,31.4929,26.8946,21.4586,13.0198,8.1435,2.8401,21.7202,30.5122,28.9941,29.9044,29.2328,28.3931,22.8711,24.1506,18.26,11.8813,7.3218,2.663
8.9165,9.8778,1.3002,5.9271,0.054483,3.7356,-0.26832,0.29049,0.58238,-0.62309,-0.18449,-0.19117,-0.00017026,0.0047028,0.0021301,0.0040902,-0.00079694,0.0025395,0.0020247,-0.00059341,0.0024572,0.00059133,-0.00077441,-0.00015,24.5485,24.7309,18.1056,23.6559,14.4726,21.5714,13.3632,13.6628,10.4956,4.9526,4.5432,1.0843,9.7188,14.8611,14.5727,17.9958,14.0993,14.1193,13.09,9.3222,9.8361,6.3039,4.057,1.4711,-5.69,-17.8476,-14.521,-13.7593,-22.0116,-17.1815,-15.7367,-13.0118,-9.6258,-7.9641,-3.473,-1.3611,-10.3332,-15.0498,-14.8882,-14.2313,-14.3319,-19.0942,-13.9229,-12.8073,-8.4239,-5.803,-3.6387,-1.3655,30.2385,42.5785,32.6267,37.4152,36.4842,38.7528,29.1,26.6746,20.1214,12.9167,8.0162,2.4454,20.052,29.9109,29.4609,32.2271,28.4312,33.2135,27.0129,22.1295,18.26,12.1069,7.6956,2.8366
8.8798,9.0192,-0.36843,6.207,-0.079175,3.6117,1.1711,0.87265,0.70338,-0.20396,0.22138,-0.22141,-0.00013681,0.0020076,-0.002521,0.0010276,-0.0017426,0.00048612,-0.00050785,-0.00088268,0.00074348,0.00047674,-0.00043247,-0.00018409,24.5644,30.8362,17.7857,26.1314,14.4726,21.5714,14.4879,11.6605,11.0491,5.588,4.6282,0.97021,13.7306,14.8611,14.5727,14.9156,13.2714,15.1106,11.7421,10.0031,9.8361,6.4432,4.057,1.2689,-12.5517,-15.3984,-20.6342,-17.3311,-18.9563,-16.4409,-19.1335,-15.5555,-10.1119,-5.5148,-3.473,-1.5717,-12.1452,-17.5027,-12.5628,-14.0176,-14.6279,-15.4742,-14.1563,-12.2828,-8.573,-5.7891,-3.4126,-1.2098,37.1161,46.2346,38.4199,43.4625,33.429,38.0123,33.6214,27.216,21.161,11.1028,8.1013,2.5419,25.8758,32.3638,27.1355,28.9332,27.8993,30.5848,25.8985,22.2859,18.4092,12.2322,7.4696,2.4788
8.2423,10.9015,2.4201,7.0744,0.81154,4.0319,0.31388,0.44465,0.64864,-0.67455,-0.11279,-0.20721,2.3689e-05,0.0019162,-0.0047082,0.0012774,0.00069523,0.0021957,0.00032743,-0.0005404,0.00086223,0.0013018,8.4979e-05,-9.7181e-05,23.2645,25.0397,23.4467,23.4757,16.734,21.5714,13.3632,11.6605,10.4956,4.9526,5.3258,1.134,15.3753,14.8611,14.5727,14.9156,16.0508,14.7246,12.3791,9.1276,9.8361,6.9193,4.057,1.328,-15.2817,-12.0228,-14.5703,-15.6314,-20.9263,-15.6306,-14.6905,-14.9677,-7.104,-6.9285,-3.473,-1.749,-19.9064,-19.3133,-12.5628,-15.6551,-13.5232,-13.8393,-11.7041,-12.2828,-8.4239,-5.7859,-3.2121,-1.1756,38.5463,37.0625,38.017,39.1071,37.6603,37.202,28.0537,26.6282,17.5996,11.8811,8.7988,2.883,35.2817,34.1744,27.1355,30.5707,29.5741,28.5639,24.0831,21.4104,18.26,12.7052,7.2691,2.5036
8.388,8.4981,1.4928,6.6751,-0.55167,3.489,1.3361,1.4835,0.39001,-0.90632,-0.0025376,-0.16372,-0.0028519,0.0031651,-0.00082108,0.0017887,-0.0026772,-0.00061682,0.00075045,-0.0011826,0.0010678,0.0014057,-0.00043237,-0.00032036,23.2395,24.8775,24.768,26.0152,14.4726,21.5714,14.6341,17.6833,10.4956,5.5225,4.9571,1.1807,10.483,14.8611,14.5727,14.9156,13.3689,13.2269,11.7421,10.7974,9.8361,6.3039,4.057,1.328,-16.7398,-15.1691,-18.6987,-11.105,-22.2221,-15.311,-17.3144,-11.7318,-9.9751,-7.6635,-3.473,-1.749,-7.7077,-14.6726,-15.0532,-14.1799,-13.5232,-13.3773,-13.0362,-12.2828,-8.4239,-5.8939,-3.8828,-1.1381,39.9793,40.0467,43.4667,37.1202,36.6947,36.8823,31.9485,29.4151,20.4708,13.186,8.4302,2.9297,18.1908,29.5336,29.6259,29.0955,26.8921,26.6042,24.7783,23.0802,18.26,12.1979,7.9398,2.4661
7.6385,9.0472,1.3889,5.7331,-2.2404,3.8553,1.4498,0.36067,0.90864,-0.31107,-0.30886,-0.16731,-0.00031444,0.0023345,-0.0027357,0.0011924,-0.0017901,0.00086296,0.0006811,-0.00027079,0.00088806,-8.1982e-05,-0.0005578,-0.00012204,20.3363,23.2153,19.0213,24.0393,14.4726,21.5714,18.0376,16.1798,10.4956,6.4828,4.2149,1.1323,13.7746,12.9603,16.4737,14.9156,14.5063,16.9888,14.0382,11.3856,9.8361,5.9717,4.057,1.3462,-16.4351,-12.2919,-21.6475,-11.0903,-21.4912,-16.3317,-15.9666,-11.3103,-8.4617,-6.4866,-4.1356,-1.3041,-8.1185,-14.6726,-14.8817,-13.5275,-15.369,-15.4375,-13.7628,-9.004,-8.4239,-6.5277,-3.8719,-1.2459,36.7715,35.5072,40.6687,35.1296,35.9639,37.903,34.0042,27.4901,18.9573,12.9694,8.3504,2.4365,21.8931,27.6329,31.3553,28.4431,29.8752,32.4263,27.801,20.3896,18.26,12.4994,7.9289,2.5921
9.151,9.2517,0.39619,5.2556,-1.23,3.7304,1.2785,0.18675,0.15178,-0.98702,-0.068542,-0.15794,-0.0017435,0.0030905,0.0026355,0.0042199,0.0027101,0.0019011,0.00088707,0.00022904,0.0013004,0.00069421,-0.00049973,-0.00023145,23.7106,23.277,21.5627,25.0583,14.4726,21.5714,18.0376,16.1798,10.4956,5.792,4.7024,1.1625,9.7042,13.6927,16.4737,14.9156,13.351,15.4761,12.7134,11.3856,9.8361,5.9613,4.057,1.2689,-11.652,-11.9585,-18.876,-12.8191,-20.0928,-15.5961,-18.8469,-12.422,-12.7224,-9.0903,-3.473,-1.5339,-8.6748,-17.6171,-14.0145,-14.7303,-15.369,-16.0095,-13.2756,-11.0597,-8.6205,-6.5277,-3.3645,-1.4281,35.3626,35.2355,40.4387,37.8775,34.5654,37.1675,36.8845,28.6019,23.218,14.8823,8.1755,2.6964,18.3791,31.3098,30.4881,29.6459,28.72,31.4856,25.989,22.4454,18.4567,12.489,7.4214,2.697
7.3561,10.8857,1.2092,5.531,-2.9849,2.3152,0.56529,-0.71846,0.9334,-0.23679,-0.26924,-0.10477,-0.00058258,0.0032593,0.00031701,0.0033213,-0.0026619,-0.00028137,0.002925,-0.00038742,-0.00027096,0.00019977,-0.001181,-0.00035483,20.2153,21.3638,18.0534,25.5657,14.4726,21.5714,13.8765,11.6605,10.9531,5.792,3.9211,1.1229,9.374,10.7105,16.4737,14.9156,16.4896,18.1005,12.7239,11.4917,9.8361,5.6603,4.057,1.2689,-13.2406,-5.6726,-14.592,-14.1298,-27.1793,-24,-17.1441,-13.1776,-9.4383,-5.8467,-3.473,-1.3379,-8.8696,-14.6726,-13.4475,-12.8225,-16.3096,-14.1524,-13.1119,-10.1388,-8.4239,-6.127,-4.1518,-1.1475,33.4559,27.0363,32.6453,39.6954,41.6519,45.5713,31.0207,24.8381,20.3914,11.6387,7.3942,2.4609,18.2437,25.3831,29.9212,27.7381,32.7992,32.2529,25.8359,21.6305,18.26,11.7872,8.2088,2.4164
7.2125,11.0335,1.677,5.4544,-1.9432,3.7569,0.75963,-0.8349,0.3593,-0.35441,-0.27529,-0.20974,0.0015461,0.0032561,-0.0022331,0.0015059,-0.0002544,0.0023761,0.0012231,-0.00029835,0.0020692,0.0014133,-0.00028293,-0.00028597,20.6155,22.1616,18.6703,22.2407,14.4726,21.5714,13.5175,11.6605,10.4956,5.4752,3.5637,1.2156,13.4751,12.7795,14.5727,14.9156,18.0164,17.0298,14.6387,9.1276,9.8361,5.6483,4.057,1.2689,-16.4209,-7.7478,-21.9165,-10.7823,-21.0347,-14.322,-15.9809,-13.0769,-8.0518,-7.0156,-3.473,-1.5781,-10.4432,-17.7531,-13.7459,-12.2969,-12.5613,-13.388,-12.6507,-11.8317,-8.878,-6.2166,-3.4328,-1.3807,37.0364,29.9094,40.5868,33.023,35.5074,35.8934,29.4984,24.7374,18.5475,12.4908,7.0368,2.7937,23.9183,30.5325,28.3186,27.2125,30.5777,30.4178,27.2894,20.9593,18.7142,11.8648,7.4897,2.6497
7.397,8.9881,1.3752,5.8439,-2.6783,3.7113,1.8716,0.45181,0.64741,-0.21867,-0.29612,-0.15018,-0.00058191,0.0025726,-0.0022595,0.0020248,-0.00069871,0.0015066,0.00058714,-0.00045741,0.0010669,0.00014086,-0.00074383,-0.00037275,20.4377,23.9077,20.1321,25.1333,16.8997,21.5714,16.0808,11.6605,10.4956,6.9828,4.0818,1.2533,11.4018,15.1023,14.5727,16.0765,14.0542,13.9,13.383,10.0597,9.8361,6.2318,4.1254,1.3034,-17.0106,-18.6868,-23.713,-12.5127,-28.0695,-23.0595,-16.0886,-12.393,-8.9897,-6.5609,-4.0845,-1.5356,-10.7437,-15.7055,-12.0944,-12.1899,-13.3282,-13.3773,-11.4533,-14.4513,-9.6109,-7.3833,-3.4926,-1.3089,37.4483,42.5945,43.8451,37.6459,44.9692,44.6309,32.1694,24.0534,19.4854,13.5437,8.1663,2.7889,22.1455,30.8078,26.6671,28.2665,27.3824,27.2773,24.8363,24.5111,19.447,13.6152,7.618,2.6123
7.2623,9.6311,1.0511,6.4612,-2.7068,3.2836,1.0378,-0.49265,0.94066,-0.32741,-0.19954,-0.065907,-0.0028483,0.0035034,0.00012438,0.0014192,-0.00059979,0.0030301,0.00055773,0.00022096,0.0027354,1.5921e-05,3.6835e-05,-0.0003814,17.599,24.7327,17.7857,27.7865,14.4726,21.5714,16.8942,11.6605,11.5633,5.7525,3.4637,1.8005,13.6115,16.2566,14.5727,14.9156,14.8671,14.5993,13.383,11.9163,9.8361,5.9446,4.057,1.2689,-12.0068,-13.2852,-21.8771,-11.9353,-22.86,-20.7148,-13.8292,-17.4504,-8.3341,-6.1251,-3.7796,-1.6456,-13.6674,-16.4035,-12.0946,-13.1397,-13.9399,-16.4933,-13.2479,-11.8317,-8.4239,-6.2166,-3.1593,-1.1883,29.6058,38.018,39.6628,39.7219,37.3326,42.2862,30.7234,29.1109,19.8974,11.8776,7.2433,3.4461,27.2789,32.66,26.6673,28.0553,28.807,31.0926,26.6309,23.748,18.26,12.1612,7.2163,2.4573
7.1927,9.7839,2.7426,8.6788,-1.5037,1.3665,0.43116,-0.080407,1.1066,-0.12854,-0.54046,-0.19674,-0.0010404,0.0014468,-0.0031194,0.0013397,-0.0016168,-0.00014012,-0.00041871,-0.00043112,0.00099525,0.00027066,-0.00021159,-0.00030111,19.2841,22.6696,17.7857,24.3773,15.5015,21.5714,13.3632,11.6605,10.4956,6.9797,3.6433,1.0414,13.4741,14.1355,14.5727,15.3022,15.3189,16.3616,12.2202,9.992,9.8361,6.1123,4.057,1.4727,-11.1143,-7.5056,-14.4188,-9.496,-23.8851,-21.393,-18.1981,-14.6289,-7.6481,-6.7691,-4.0014,-1.3265,-11.154,-16.2412,-13.3061,-14.4048,-14.0266,-14.6842,-13.6893,-11.8317,-8.4239,-5.6496,-3.3042,-1.1883,30.3983,30.1752,32.2045,33.8734,39.3866,42.9644,31.5614,26.2894,18.1438,13.7488,7.6447,2.368,24.6281,30.3766,27.8788,29.707,29.3455,31.0459,25.9095,21.8237,18.26,11.7619,7.3611,2.661
7.0555,8.9738,1.0492,5.9006,-3.889,3.8048,2.0387,-1.5716,0.56199,-0.11412,-0.33035,-0.23177,0.0024354,0.0046259,-0.0011317,0.0024345,-0.0013213,0.00058056,0.0005645,-0.00014182,0.0013633,0.00014441,-0.00088754,-0.00026844,17.8913,24.1241,17.7857,21.9403,14.6365,21.5714,21.8412,11.6605,11.5117,7.8996,3.6433,1.2507,13.4741,12.9043,14.5727,14.9156,15.3189,14.6837,15.2066,11.0899,9.8361,6.7797,4.057,1.5657,-12.6814,-8.7406,-15.7801,-16.6591,-29.5261,-16.1676,-11.871,-12.9915,-10.2229,-6.4441,-3.6834,-1.7474,-11.3655,-16.2412,-13.3061,-13.1041,-13.6061,-14.0072,-13.6893,-11.8317,-8.579,-6.4002,-3.1756,-1.7375,30.5726,32.8646,33.5658,38.5994,44.1626,37.739,33.7122,24.652,21.7346,14.3437,7.3267,2.9981,24.8396,29.1454,27.8788,28.0197,28.925,28.6909,28.896,22.9216,18.4152,13.1799,7.2326,3.3031
8.1943,10.0263,1.6156,6.4105,-3.2601,0.5457,-0.09585,-1.2341,1.2398,0.1785,-0.41814,-0.15112,-0.00018468,0.0045852,0.0010421,0.0044322,-0.00021456,0.0032622,0.0031418,-0.00027083,0.0013025,0.001735,-0.00046034,-0.00024375,20.2669,21.6497,17.7857,27.7807,13.8632,21.5714,13.3632,11.6605,12.01,8.105,3.2831,1.3455,8.9978,10.7105,13.4261,14.9156,15.1292,15.6749,13.8327,11.2092,9.8361,6.3189,4.057,1.2689,-4.7188,-9.6471,-17.757,-13.2116,-28.5574,-23.2438,-15.0318,-17.4728,-10.2286,-6.1325,-4.8707,-1.2555,-12.4875,-14.6726,-12.326,-22.609,-12.854,-16.5653,-12.1327,-10.3793,-8.4239,-5.3691,-4.082,-1.1689,24.9857,31.2968,35.5428,40.9923,42.4206,44.8151,28.395,29.1333,22.2386,14.2375,8.1537,2.601,21.4853,25.3831,25.7522,37.5246,27.9832,32.2402,25.9654,21.5884,18.26,11.688,8.139,2.4378
7.4811,9.4542,2.1588,5.6085,-2.7081,0.98666,0.2908,-1.286,0.64133,0.29193,-0.18476,-0.15356,0.0034699,0.0058644,-0.00048797,0.0028888,8.2968e-07,0.0013919,0.00023982,0.00012978,0.0012942,0.00018971,-0.0001627,-0.000247,20.3635,21.0524,19.0422,23.083,13.8632,21.5714,20.9063,11.6605,10.4956,6.2736,3.548,1.1709,14.0311,15.8907,11.8357,14.9156,15.9883,14.5627,12.5725,10.7454,9.8361,5.7448,4.057,1.2689,-9.8927,-15.5276,-10.7087,-13.5392,-31.534,-22.1598,-16.0436,-13.8571,-8.4155,-7.1883,-3.813,-1.3624,-15.6672,-21.1157,-13.6218,-12.67,-14.8265,-14.3623,-12.1551,-11.367,-8.4239,-5.8292,-3.5357,-1.1381,30.2562,36.58,29.751,36.6222,45.3973,43.7311,36.9499,25.5176,18.9111,13.4619,7.361,2.5333,29.6983,37.0064,25.4574,27.5856,30.8148,28.9251,24.7275,22.1124,18.26,11.5741,7.5927,2.407
6.3917,10.5497,2.8459,6.8054,-2.1545,1.9125,0.66277,-1.4765,0.67049,-0.21112,-0.37575,-0.12031,0.0019221,0.0050984,-0.0001642,0.0037848,0.00078281,0.0028074,0.0017654,2.1008e-05,0.0011281,0.00020266,-0.00057981,-0.00024699,16.8435,21.0524,18.1239,24.0991,13.8632,21.5714,17.9383,11.6605,10.4956,6.2148,2.9024,1.7611,12.2675,12.6491,13.035,14.9156,15.1292,15.0212,12.0507,12.5295,9.8361,5.6483,4.057,1.2689,-14.5645,-12.6207,-11.6695,-11.7299,-22.453,-23.8386,-14.3678,-15.3666,-8.4096,-7.0834,-3.4204,-1.2052,-10.9665,-14.6726,-11.8612,-12.1899,-13.5491,-13.3773,-11.9811,-12.9141,-9.2768,-5.328,-3.1473,-1.1381,31.408,33.6731,29.7934,35.829,36.3162,45.4099,32.3061,27.0271,18.9052,13.2982,6.3228,2.9664,23.2341,27.3216,24.8963,27.1055,28.6783,28.3985,24.0317,25.4437,19.1129,10.9763,7.2043,2.407
6.9903,10.8902,2.7198,4.9233,-2.3922,2.815,1.5638,-0.59946,0.69849,-0.41984,-0.53568,-0.11128,9.2155e-05,0.0012708,-0.0046165,-0.0015987,-0.0021854,0.002131,0.0017899,-0.00056714,0.0012616,0.0011936,-0.00057555,-0.00011543,20.3673,21.1319,21.7921,19.2106,13.8632,21.5714,16.6918,11.6605,10.6975,6.2148,2.659,1.001,10.0808,10.7105,12.94,16.3732,16.1871,17.8077,14.8119,10.7454,9.8361,5.7065,4.057,1.2689,-19.3782,-5.3539,-14.634,-19.8718,-26.4405,-18.1127,-12.9196,-12.7143,-9.856,-7.1646,-3.3539,-1.2305,-10.7187,-20.1065,-11.1388,-17.271,-15.4691,-13.6678,-11.9811,-13.1288,-9.2768,-5.5589,-2.9809,-1.288,39.7455,26.4858,36.4261,39.0823,40.3037,39.684,29.6114,24.3748,20.5535,13.3794,6.013,2.2315,20.7994,30.817,24.0788,33.6441,31.6562,31.4755,26.7929,23.8741,19.1129,11.2654,7.0378,2.5569
6.8008,9.3243,0.2871,4.6775,-2.5385,4.2372,2.3228,-1.1425,0.51267,-0.1556,-0.40073,-0.17524,-0.00011561,0.0039462,0.00052277,0.0037621,0.001112,0.0014184,0.0012347,-0.00042085,0.0018088,0.00032362,-0.00036008,-0.00011624,19.7318,21.0524,12.1117,19.9246,12.5525,21.0443,17.6313,11.6605,10.4956,6.1943,3.0825,1.0256,9.9197,12.6186,14.0561,19.5771,16.7585,12.7567,12.5628,13.4693,9.8361,5.7175,3.3568,1.2689,-14.8704,-13.1381,-18.1639,-13.525,-24.4822,-8.7013,-11.7931,-16.7139,-9.4878,-6.9611,-3.2764,-1.5139,-14.3512,-22.9326,-20.6023,-14.5024,-17.7811,-13.1886,-13.8442,-13.2891,-8.4239,-6.6208,-3.8744,-1.4494,34.6022,34.1905,30.2756,33.4496,37.0347,29.7456,29.4244,28.3744,19.9835,13.1554,6.3589,2.5395,24.2709,35.5511,34.6585,34.0795,34.5396,25.9453,26.407,26.7584,18.26,12.3382,7.2311,2.7183
4.8815,8.3559,2.8464,7.5368,-2.13,1.9977,1.5028,-0.13397,1.0228,-0.12515,-0.55064,-0.18152,0.0029649,0.0055287,-0.00069195,0.0033428,0.001122,0.0024272,0.00080558,0.00086378,0.0015079,0.00015778,-0.00034242,-0.00029086,18.3743,23.3285,16.3947,25.8925,13.407,18.1367,16.0227,11.6605,10.9228,7.9023,3.0432,1.1878,14.347,15.6289,12.5862,15.2129,13.8614,12.7567,12.0058,9.6282,9.8361,5.7856,3.3568,1.3966,-16.2732,-11.0146,-20.368,-16.107,-21.5922,-21.699,-15.4134,-10.952,-9.137,-6.3304,-4.6384,-1.2573,-10.8806,-14.6726,-13.3802,-13.6614,-15.8689,-13.8785,-13.7485,-11.7046,-8.6576,-6.8579,-3.3378,-1.4015,34.6475,34.3431,36.7627,41.9995,34.9992,39.8357,31.4362,22.6125,20.0598,14.2328,7.6817,2.4451,25.2276,30.3014,25.9664,28.8743,29.7303,26.6352,25.7543,21.3327,18.4938,12.6435,6.6945,2.798
6.4955,9.3705,1.5298,6.5771,-1.4614,3.8497,1.8994,-1.0472,0.78831,0.27299,-0.32956,-0.29556,-9.2394e-06,0.002752,-0.0023125,0.0016091,-0.0010477,0.00040346,0.00042458,-0.00020566,0.00085016,0.00056922,6.0043e-05,-0.00027339,17.0615,21.0524,15.3993,24.1412,12.1068,17.1183,15.9661,11.6605,10.4956,7.9945,2.7852,0.96843,13.1405,13.3739,12.8136,15.6343,13.8539,13.8251,11.852,10.3176,9.8361,6.4883,3.3568,1.3894,-9.7472,-16.4665,-23.1599,-7.8987,-18.2572,-9.2852,-10.1466,-13.2115,-9.2335,-5.4352,-3.593,-1.727,-10.7224,-27.4144,-16.0147,-13.2665,-15.1031,-12.4932,-12.117,-12.9447,-8.4239,-5.8505,-3.2423,-1.1381,26.8086,37.5189,38.5592,32.0399,30.364,26.4035,26.1127,24.872,19.7291,13.4297,6.3781,2.6954,23.8629,40.7883,28.8284,28.9008,28.9571,26.3183,23.9691,23.2623,18.26,12.3388,6.5991,2.5275
6.9142,9.0707,0.66752,6.0941,-0.74394,3.7101,2.0328,-0.75075,0.48713,-0.12548,-0.26758,-0.17294,-0.002212,-5.2441e-05,0.00042876,0.0017606,0.0019872,-0.00046319,-0.00089823,0.00070209,0.00056844,-0.0014169,-0.00026039,-0.00034245,19.4589,21.0524,15.2191,21.1105,13.7277,19.986,19.5328,11.6605,10.4956,6.5405,3.7417,1.2821,8.8975,12.0106,12.8912,17.1184,17.5753,13.2234,15.5232,9.2985,9.8361,5.7595,3.3568,1.2689,-9.7082,-18.5849,-21.387,-11.3518,-20.2209,-15.7689,-12.0243,-10.9806,-12.409,-5.5852,-3.8998,-1.4301,-9.4378,-25.4004,-21.901,-12.7456,-12.528,-12.5706,-11.9007,-9.9791,-8.4239,-6.2724,-4.2481,-1.1381,29.1671,39.6372,36.6061,32.4623,33.9486,35.7548,31.5571,22.6411,22.9046,12.1257,7.6415,2.7122,18.3353,37.4109,34.7922,29.864,30.1033,25.7941,27.4239,19.2776,18.26,12.0318,7.6048,2.407
6.9406,10.1302,2.0907,6.3404,-1.8141,2.2053,0.42502,-0.38148,1.3796,-0.15325,-0.51765,-0.14591,0.00020533,0.0042273,0.0022601,0.0053012,0.0013973,0.0021005,0.0037917,0.0017675,0.002051,0.0012953,-0.00024206,-0.00032131,17.2581,25.4171,16.1991,21.7736,12.1068,19.2139,13.3979,12.0245,14.2492,6.3682,2.6289,1.3313,8.469,12.7635,12.9344,18.9608,14.4152,17.3373,14.7244,9.9532,9.8361,5.7807,3.3973,1.2689,-10.5737,-12.8302,-13.1211,-9.7356,-20.1442,-16.1994,-16.2031,-14.1217,-10.1176,-6.2761,-4.0928,-1.4156,-12.273,-14.6726,-12.5602,-13.4082,-12.8091,-20.4027,-12.9917,-10.8618,-11.0491,-7.3219,-3.3109,-1.242,27.8318,38.2473,29.3202,31.5092,32.2509,35.4133,29.601,26.1462,24.3669,12.6443,6.7217,2.7468,20.742,27.4361,25.4946,32.369,27.2243,37.74,27.7162,20.815,20.8853,13.1025,6.7082,2.5109
5.7714,8.6238,3.178,6.1735,-3.0298,1.5007,-0.15663,-1.2813,0.5425,0.2841,-0.2086,-0.14826,0.002839,0.005919,0.00038809,0.0044856,0.0021145,0.0035691,0.002119,2.7274e-05,0.00080533,-0.00010057,-0.00079953,-0.00035079,17.6279,21.0524,24.0696,22.1228,12.1068,20.4893,13.5086,13.0087,11.6217,6.0525,3.1932,1.1601,12.7256,15.6452,17.2708,14.072,15.626,14.2524,14.7244,11.4922,9.8361,5.6483,3.5738,1.3914,-20.4717,-13.129,-10.319,-12.1339,-26.2265,-20.7799,-14.4425,-15.1195,-8.3116,-7.3367,-4.1961,-1.4756,-10.0226,-14.6726,-12.4852,-12.444,-15.4348,-16.7026,-13.1437,-10.5877,-8.7572,-5.6869,-3.3772,-1.4414,38.0996,34.1813,34.3886,34.2567,38.3333,41.2692,27.9511,28.1282,19.9333,13.3892,7.3893,2.6357,22.7482,30.3177,29.756,26.5159,31.0607,30.9549,27.8681,22.0799,18.5933,11.3352,6.951,2.8329
7.2917,11.079,3.244,7.3815,-2.1,1.0817,0.87789,-1.0466,0.81825,0.06914,-0.3198,-0.15504,0.00050455,0.0027997,-0.0022428,0.0024753,-0.00048088,0.0013829,0.0013208,-0.00025002,0.0011703,-0.00012648,-0.0006375,-0.00019184,18.6805,22.583,20.6499,21.1755,15.3311,16.2568,13.3632,11.6605,10.4956,7.0072,2.9814,1.1841,12.1302,11.7464,13.0029,12.4161,13.9588,12.0892,11.7421,9.5446,9.8361,5.6483,3.3964,1.2689,-6.2918,-8.8804,-9.5541,-6.7341,-21.649,-18.0212,-12.4592,-13.0553,-6.8298,-6.416,-3.6708,-1.2143,-12.1999,-14.6726,-12.8429,-14.0805,-16.3402,-14.1127,-13.2534,-10.3929,-8.7828,-5.8514,-3.2951,-1.3193,24.9723,31.4634,30.204,27.9095,36.98,34.278,25.8225,24.7158,17.3255,13.4232,6.6522,2.3985,24.3301,26.419,25.8458,26.4966,30.299,26.2019,24.9956,19.9374,18.6189,11.4997,6.6915,2.5882
8.07,11.6235,3.2162,6.4786,-2.1607,0.52108,0.78152,-1.0307,0.17181,-0.14553,-0.44501,-0.13818,0.00092767,0.0034109,-0.00069718,0.0039441,0.00063727,0.001503,0.0012799,6.1468e-05,0.0013977,0.00075472,-0.00071482,-0.00021408,19.9981,24.5299,15.8998,22.4143,12.1068,16.2568,15.7106,12.235,10.4956,8.3734,3.1656,1.0845,12.4627,11.257,11.9791,16.2953,13.3273,14.1284,13.0059,9.85,9.8361,5.6483,3.5409,1.403,-10.345,-6.6785,-12.7672,-12.5693,-20.4613,-26.4376,-15.3024,-14.9832,-9.4289,-6.3581,-3.6728,-1.3233,-11.794,-14.6726,-13.7404,-15.2617,-17.3578,-13.4508,-14.9021,-9.3185,-8.4239,-5.4824,-3.0125,-1.2199,30.3431,31.2084,28.6669,34.9836,32.5681,42.6944,31.013,27.2182,19.9245,14.7315,6.8384,2.4078,24.2566,25.9295,25.7194,31.557,30.6851,27.5792,27.908,19.1684,18.26,11.1306,6.5533,2.6229
6.4235,9.6549,2.4803,5.1431,-3.0672,2.6533,0.59895,-1.1004,0.4642,-0.023856,-0.14174,-0.15022,0.0023288,0.0050029,-0.0007046,0.0031624,0.0010332,0.0029516,0.0018789,0.00073294,0.002012,0.00092517,-0.00023917,-0.00021827,18.9806,21.0524,18.3449,22.1172,13.9857,19.9515,15.2632,11.6605,10.4956,6.9439,3.3044,0.9835,9.7574,14.9952,12.2922,14.1751,15.8338,13.5705,12.1192,9.5896,9.8361,6.1579,3.6567,1.2689,-17.8759,-7.3612,-12.158,-10.6126,-25.2708,-16.0911,-13.4318,-15.3669,-9.9355,-5.6805,-3.7684,-1.4484,-13.6618,-14.6726,-18.0474,-12.8944,-14.2151,-12.5065,-11.1289,-11.3944,-8.5814,-5.8399,-4.2576,-1.3117,36.8565,28.4136,30.5029,32.7298,39.2565,36.0425,28.6949,27.0274,20.4311,12.6244,7.0728,2.4319,23.4192,29.6678,30.3397,27.0695,30.0489,26.077,23.2481,20.984,18.4175,11.9978,7.9144,2.5806
6.9039,10.138,0.96752,5.4335,-2.4486,2.8667,0.87724,-0.43129,0.62366,-0.35614,-0.17036,-0.16009,9.3704e-05,0.0022848,-0.0029825,0.00036722,-0.0019019,0.0004669,0.00058467,-0.0010058,0.0006275,0.00061828,-0.00025949,-0.00032913,19.7233,22.1805,16.676,20.8217,14.4226,20.2688,16.6512,11.6605,11.2165,6.0155,3.2719,1.1667,12.2779,12.4991,15.9197,14.1751,15.8338,13.5705,13.0509,10.2461,9.9324,5.6483,3.0848,1.3348,-12.3065,-15.2712,-23.1587,-14.6109,-23.0523,-15.0058,-12.9134,-16.3232,-10.4099,-8.4334,-3.0707,-1.396,-8.279,-28.5644,-13.3722,-13.0992,-21.8423,-14.1176,-11.8731,-11.3944,-8.4239,-5.8082,-3.5307,-1.3064,32.0298,37.4517,39.8348,35.4326,37.4749,35.2746,29.5646,27.9837,21.6264,14.4489,6.3426,2.5627,20.5569,41.0635,29.2919,27.2743,37.6762,27.6882,24.9241,21.6406,18.3563,11.4565,6.6155,2.6412
6.5598,10.8842,2.1879,5.0665,-2.3925,2.9473,0.012222,-0.23213,0.39304,-0.54346,-0.25634,-0.09111,0.0031113,0.0055722,-0.0010675,0.0012872,-0.0013966,0.0019545,0.0008905,-0.00093023,0.001084,0.00063339,-0.00076798,-0.00040312,18.3247,22.2744,15.9944,19.7918,12.1068,19.166,14.5408,11.6605,10.4956,7.2544,3.1405,1.3532,12.6137,13.9354,14.0311,14.8675,13.7298,15.8958,11.7421,10.4037,9.8361,6.4674,3.0848,1.489,-13.7706,-11.9933,-16.1741,-10.92,-19.0248,-13.5257,-14.3183,-11.4336,-7.4966,-10.6667,-3.4895,-1.5566,-8.876,-14.6726,-13.6175,-13.2271,-14.3853,-13.5471,-12.7794,-9.5285,-8.4239,-6.4313,-3.1236,-1.5392,32.0953,34.2677,32.1685,30.7118,31.1316,32.6917,28.8591,23.0941,17.9923,17.9211,6.63,2.9098,21.4897,28.6079,27.6486,28.0945,28.1151,29.4429,24.5216,19.9322,18.26,12.8987,6.2084,3.0282
8.7994,10.2517,0.61295,5.2778,-2.8803,3.0341,1.3132,0.26471,0.12307,-0.16088,-0.28287,-0.12794,0.00095188,0.0034219,-0.0018419,0.0018932,-0.0011452,0.0010039,0.00014474,-0.00091071,0.0014728,0.00098036,-6.9794e-05,-0.00025088,20.8524,24.4817,13.293,21.8503,13.8792,19.8708,15.133,12.5734,10.4956,5.523,2.839,1.3935,16.2925,15.6279,12.4073,17.5347,13.7298,15.13,12.6632,10.8693,9.8361,6.547,3.2419,1.2921,-11.8997,-8.2409,-15.04,-18.1927,-29.3537,-14.1402,-12.937,-10.5679,-8.1192,-6.4654,-3.0107,-1.4305,-15.0666,-21.974,-13.6175,-18.8981,-13.7067,-15.3432,-11.7885,-11.1827,-8.4239,-5.328,-2.9747,-1.5852,32.7522,32.7226,28.333,40.0431,43.233,34.011,28.0699,23.1413,18.6149,11.9883,5.8497,2.824,31.3592,37.6019,26.0248,36.4327,27.4364,30.4732,24.4517,22.052,18.26,11.875,6.2165,2.8773
6.7324,10.1917,1.766,5.7747,-0.65483,3.8808,0.69685,-0.35157,0.80193,-0.51561,-0.21809,-0.10395,-0.00096205,0.0014387,-0.0030516,0.001319,-0.0019696,0.00099051,-5.6061e-06,-0.0006484,0.0011246,0.00030826,-0.00025093,-0.00028138,18.4971,23.7123,17.4911,23.5705,15.912,22.9123,13.3632,13.677,10.4956,6.1346,3.3901,1.2324,9.9428,14.3202,12.4073,14.0179,13.7298,15.4114,11.7421,11.4544,9.8361,6.95,3.5073,1.3827,-13.487,-15.5621,-13.1998,-15.4381,-20.1481,-17.5056,-13.0746,-12.4249,-8.1784,-7.0368,-3.6741,-1.3936,-9.0768,-14.6726,-13.6175,-13.2021,-16.352,-15.3432,-12.4824,-10.1487,-8.4239,-5.864,-2.9163,-1.2755,31.984,39.2744,30.6909,39.0087,36.0601,40.4178,26.4379,26.1019,18.674,13.1714,7.0642,2.626,19.0196,28.9928,26.0248,27.22,30.0817,30.7546,24.2245,21.6031,18.26,12.814,6.4236,2.6581
7.056,11.0779,1.7544,6.3344,-1.6202,3.6172,0.94939,-0.17107,0.70498,-0.73132,-0.39401,-0.092815,0.004029,0.00726,0.0017668,0.0052894,0.0029179,0.0037031,0.0026292,0.0013365,0.0019986,0.00071154,-0.00057564,-0.00035671,18.8219,21.9542,19.6456,23.4331,12.6218,19.8708,16.638,11.6605,10.4956,6.0224,3.9188,1.2664,16.8531,18.7409,12.4073,12.0202,17.4577,15.13,11.7421,10.6375,9.8361,5.6483,3.638,1.2921,-17.4365,-5.5048,-19.0682,-17.9402,-26.6071,-15.8187,-13.2841,-12.1068,-8.1192,-6.6417,-3.6283,-1.3713,-15.8833,-15.2191,-13.6175,-12.5193,-13.3893,-15.3432,-13.2839,-10.7446,-8.4239,-5.3371,-4.4261,-1.1838,36.2584,27.459,38.7139,41.3733,39.2289,35.6895,29.9221,23.7673,18.6149,12.6641,7.5471,2.6377,32.7364,33.96,26.0248,24.5395,30.8469,30.4732,25.026,21.3821,18.26,10.9853,8.0641,2.4759
7.3886,10.6,1.8903,6.794,-2.5297,1.8001,-0.17659,-0.81298,0.68573,-0.50949,-0.39004,-0.11995,0.00032331,0.003472,-0.00023092,0.0036094,-0.0012844,-0.00012411,0.0014981,0.00048395,0.00069518,0.0010067,-0.00024285,-0.00036323,17.3353,23.9619,16.086,24.5438,12.1068,16.2568,14.2379,11.6605,10.4956,5.3847,3.0224,1.4675,9.41,11.8587,11.8635,15.8983,12.6322,17.1218,12.3699,10.6072,9.8361,5.6483,3.4723,1.3774,-6.0967,-10.7114,-12.4912,-10.1359,-22.5433,-20.5294,-13.0451,-15.2064,-8.6548,-6.8051,-3.9374,-1.8272,-9.1822,-15.324,-13.4088,-14.2118,-14.4051,-13.3972,-12.5118,-10.0651,-8.4239,-7.1623,-3.5917,-1.5058,23.432,34.6733,28.5772,34.6797,34.65,36.7862,27.283,26.8669,19.1505,12.1897,6.9598,3.2947,18.5922,27.1827,25.2723,30.11,27.0373,30.519,24.8817,20.6723,18.26,12.8105,7.064,2.8832
8.6791,11.1467,1.3832,5.7282,-2.4355,3.246,1.3955,-1.1595,-0.15368,-0.66971,-0.36454,-0.11406,0.0014534,0.0039506,-0.0011797,0.0027716,0.00090556,0.0034305,0.0013811,-2.6949e-06,0.0019919,0.00025289,-0.00049666,-0.00018004,19.6262,22.786,14.8685,23.2072,15.2717,17.9217,18.2105,11.6605,10.4956,4.9526,2.8057,1.4675,13.2164,14.8718,12.0186,12.8546,13.8672,14.4304,12.715,10.6072,10.7293,6.0491,2.8663,1.2689,-3.3244,-6.4032,-10.1144,-10.1359,-21.0297,-18.3303,-15.9041,-15.2064,-12.3893,-7.8972,-3.9374,-1.3947,-11.365,-20.9303,-14.2129,-14.0866,-14.3129,-15.6254,-13.7995,-10.3878,-8.4239,-5.9453,-3.5917,-1.3166,22.9506,29.1891,24.983,33.3432,36.3014,36.2519,34.1146,26.8669,22.885,12.8498,6.743,2.8622,24.5814,35.8021,26.2315,26.9412,28.18,30.0558,26.5145,20.995,19.1532,11.9944,6.458,2.5855
7.5996,9.5431,1.7933,6.5194,-1.6307,2.6158,0.75122,-1.5466,0.047281,0.56652,-0.10221,-0.19205,-0.0023013,0.0057944,0.00049512,0.0004713,-0.0023931,0.0024509,8.7373e-06,-0.00012551,0.0023657,-0.00043501,0.00020618,-9.0668e-05,19.1401,25.3856,17.4089,20.7859,12.1068,16.9931,13.3632,11.6605,10.4956,7.9523,4.4302,1.2496,8.5635,15.7116,12.2565,14.2525,13.6965,13.117,12.073,11.615,9.8361,6.9552,3.2335,1.293,-8.3791,-12.0028,-14.3425,-15.6959,-23.6743,-15.6694,-12.4275,-15.2537,-11.0412,-5.377,-3.2861,-1.3568,-9.118,-20.9461,-13.7096,-14.275,-16.4612,-14.6399,-15.6257,-9.8706,-8.4239,-6.0784,-3.8214,-1.1603,27.5192,37.3884,31.7514,36.4818,35.781,32.6625,25.7907,26.9142,21.5368,13.3294,7.7163,2.6065,17.6815,36.6577,25.9662,28.5275,30.1577,27.7569,27.6987,21.4856,18.26,13.0337,7.0549,2.4532
6.9312,9.3261,2.7251,7.4683,-1.3622,2.5106,0.41729,-0.014134,1.0938,-0.32754,-0.14942,-0.11516,0.00041563,0.0027271,-0.0025584,0.0016014,-0.0014724,0.00021016,-0.00042986,-0.0011213,0.00098537,0.00068493,-0.00013623,-0.00018186,18.0705,25.2869,19.9675,27.2496,13.0183,18.8403,15.8681,14.9636,10.4956,7.3571,3.2725,1.221,12.8164,14.0699,12.5181,14.7616,15.3496,15.9013,12.338,11.615,9.8361,6.4735,3.7425,1.2689,-15.0106,-15.0405,-17.9062,-9.3453,-19.7981,-25.4101,-14.0497,-13.1469,-9.0502,-6.7449,-3.2861,-1.6013,-13.8617,-14.8237,-11.8301,-16.0209,-13.5667,-14.6399,-11.9254,-10.2225,-8.4239,-6.0784,-3.3873,-1.2229,33.0811,40.3275,37.8737,36.5949,32.8164,44.2504,29.9178,28.1105,19.5459,14.102,6.5586,2.8224,26.6781,28.8937,24.3482,30.7825,28.9164,30.5412,24.2633,21.8375,18.26,12.5519,7.1298,2.4918
6.8005,11.391,3.6145,5.343,-3.2209,2.749,-0.23632,-0.31672,0.63907,-0.6939,-0.30247,-0.094988,0.00073392,0.0045585,0.0018946,0.0053784,0.0017884,0.002745,0.0026632,0.0007963,0.0015383,5.3648e-05,-0.00070029,-0.00038042,17.878,27.2009,20.1234,23.3946,12.1068,17.5689,13.7391,11.6605,10.8312,6.1615,3.6983,1.0598,13.7579,13.2152,15.607,13.5944,16.2632,17.1471,13.5029,11.3484,9.8361,5.6483,3.3299,1.2689,-13.299,-6.1206,-10.0208,-12.1699,-21.4831,-14.1074,-14.9592,-14.3114,-8.0942,-7.3427,-3.6619,-1.3285,-14.3495,-21.3392,-11.9962,-17.4606,-15.6844,-15.0708,-13.5419,-12.0015,-9.008,-6.5168,-3.7757,-1.2106,31.177,33.3215,30.1441,35.5644,33.5899,31.6763,28.6983,25.9719,18.9254,13.5042,7.3602,2.3883,28.1074,34.5545,27.6032,31.055,31.9477,32.2178,27.0448,23.3499,18.8442,12.1651,7.1056,2.4795
7.6539,9.8326,0.72107,4.8009,-2.1425,3.7129,0.81607,-0.52886,0.47361,-0.28971,-0.1871,-0.15033,0.0014843,0.0040555,-0.00067497,0.0038758,0.00032741,0.002276,0.0026729,0.002051,0.0022354,0.00043005,-0.000544,-0.00023207,19.9035,24.8191,13.4069,20.921,12.1068,19.9927,13.3632,12.0161,10.4956,5.3683,3.4899,1.2684,14.1341,15.0452,13.5852,13.4403,14.5376,14.7062,13.1916,11.3484,9.8361,5.781,3.3524,1.3826,-5.775,-14.9639,-15.7438,-14.1341,-24.0133,-15.2607,-16.2408,-10.809,-8.5061,-7.2384,-3.3133,-1.3809,-15.7632,-21.8364,-13.5355,-17.4606,-16.9391,-14.6399,-13.5419,-13.6679,-8.4239,-6.0784,-3.7836,-1.5011,25.6785,39.7829,29.1507,35.055,36.12,35.2533,29.6041,22.8251,19.0017,12.6067,6.8032,2.6494,29.8973,36.8816,27.1207,30.9008,31.4768,29.3461,26.7335,25.0164,18.26,11.8595,7.136,2.8837
7.7952,11.8334,1.3857,5.3732,-2.7783,1.5726,0.41567,0.24482,0.87586,-0.46066,-0.48974,-0.15721,0.0018155,0.0042155,-0.0010045,0.0026602,0.0013533,0.0044675,0.0025662,0.00035082,0.001963,0.00045945,-0.00087045,-0.00026257,17.1253,24.4762,12.7575,25.2146,12.1068,19.9927,14.9289,11.7013,10.4956,4.9725,2.9586,1.5693,16.5592,17.2514,12.0979,14.67,14.5376,12.7898,12.414,11.3484,9.8361,5.6483,3.1511,1.329,-8.3782,-3.5492,-14.2565,-14.6826,-25.987,-24.6014,-16.567,-13.8546,-11.0444,-6.3748,-4.3299,-1.8111,-15.0898,-17.7195,-12.8943,-17.4606,-18.7377,-14.7447,-13.5419,-13.6679,-8.4239,-6.4321,-3.9404,-1.5566,25.5034,28.0254,27.014,39.8972,38.0938,44.5941,31.4959,25.5559,21.5401,11.3473,7.2885,3.3804,31.649,34.9709,24.9922,32.1306,33.2753,27.5345,25.9559,25.0164,18.26,12.0804,7.0914,2.8856
7.9282,10.2382,1.7817,6.2845,0.14669,4.2031,0.48079,0.39469,0.674,-0.4978,-0.26442,-0.27051,0.00078117,0.00294,-0.0025799,0.0013096,-0.0012752,0.0016165,0.00090763,-0.00097393,0.00055077,0.00045756,-0.0004757,-0.00042842,20.6718,25.287,21.7453,24.6612,13.7186,22.4764,14.9289,12.6146,10.4956,6.3456,3.4332,1.1807,13.3493,12.3258,12.0979,15.0359,14.5376,14.7856,12.9897,11.3484,12.1954,5.6881,3.0024,1.2689,-15.2306,-14.5331,-17.1913,-11.8642,-25.987,-15.5508,-16.1439,-14.2023,-11.2052,-7.9965,-3.4874,-1.6304,-12.3637,-14.6726,-11.269,-17.4606,-21.8805,-14.6399,-14.061,-13.6679,-9.3746,-6.0784,-3.4327,-1.3551,35.9024,39.8201,38.9366,36.5255,39.7056,38.0272,31.0728,26.8169,21.7009,14.3422,6.9206,2.8111,25.713,26.9983,23.3668,32.4964,36.4181,29.4255,27.0507,25.0164,21.57,11.7665,6.4351,2.6241
8.3724,9.1355,1.9014,7.3546,1.2836,4.5715,0.22026,0.066051,0.45706,-0.58194,0.072977,-0.20036,-0.0054582,0.0023991,-0.0028899,0.0017702,-0.0017261,0.00015346,-4.5778e-05,-0.00078757,0.0016262,-2.6232e-05,-0.00049893,-0.00022749,21.1713,22.1758,19.4379,25.0175,18.8022,19.9927,14.6125,12.8968,10.4956,6.2485,4.4791,1.2951,13.6943,15.7657,15.4311,16.1024,14.5376,13.8898,12.1294,11.3484,10.1454,5.6483,3.1091,1.4129,-5.7597,-14.2223,-14.3141,-12.8677,-15.4018,-12.826,-12.9582,-11.4962,-10.6853,-8.4001,-3.2861,-1.4045,-17.2591,-24.4983,-11.1816,-17.4606,-16.1211,-15.8769,-13.5419,-13.6679,-8.4239,-7.4111,-3.3873,-1.2106,26.9311,36.3981,33.752,37.8853,34.204,32.8186,27.5708,24.393,21.1809,14.6486,7.7653,2.6996,30.9534,40.2641,26.6127,33.5629,30.6587,29.7667,25.6713,25.0164,18.5692,13.0594,6.4963,2.6235
7.8548,9.5003,1.3896,6.098,0.082406,3.5129,-0.1528,-0.18822,0.59984,-0.3574,-0.067826,-0.24203,0.0029311,0.0064501,0.0015864,0.0057151,0.0024838,0.0044388,0.00206,0.00061884,0.0011518,0.00063767,-0.00051549,-0.00025373,20.5307,22.1758,15.0113,22.3907,14.1711,19.9927,13.3632,11.6605,10.4956,5.267,4.5481,0.96843,15.612,13.395,13.3128,20.3816,15.7329,18.3914,13.7734,11.3484,9.8361,5.6998,3.2352,1.317,-5.3849,-14.3851,-14.2454,-11.8642,-17.6682,-16.1085,-22.2644,-16.0876,-11.5281,-6.7989,-3.2861,-1.2993,-11.8106,-14.7074,-13.9445,-17.4606,-15.2177,-17.5761,-15.6471,-13.6679,-9.683,-6.0784,-3.3873,-1.2855,25.9156,36.5609,29.2567,34.255,31.8393,36.1011,35.6276,27.7481,22.0237,12.066,7.8343,2.2677,27.4226,28.1025,27.2574,37.8422,30.9506,35.9676,29.4204,25.0164,19.5191,11.7782,6.6225,2.6025
7.7476,9.8732,1.6707,7.3269,1.0452,3.2319,-0.44136,0.026418,0.42453,-0.26616,-0.062979,-0.23952,-0.0014931,0.00080037,-0.0032764,0.001501,-0.0021218,-8.1052e-06,0.0013713,-0.00041443,0.0012983,0.0002299,-0.00052736,-0.0002291,22.6814,22.1758,15.5835,25.664,18.4937,19.9927,13.3632,13.282,10.4956,7.9979,5.0104,1.0758,9.8057,11.9587,13.5958,13.0137,14.5376,13.658,12.3446,12.0215,9.8361,5.6483,3.2903,1.3905,-8.8505,-11.3179,-14.2454,-11.8642,-15.2148,-19.0028,-17.0507,-14.568,-10.6039,-7.6047,-3.8508,-1.5915,-9.2333,-14.6726,-13.1944,-17.4606,-15.8594,-14.6399,-13.5419,-13.6679,-9.1989,-6.0784,-3.3873,-1.2106,31.5318,33.4937,29.8288,37.5283,33.7085,38.9955,30.4139,27.85,21.0995,15.6026,8.8612,2.6673,19.039,26.6313,26.7902,30.4742,30.3971,28.2979,25.8865,25.6894,19.0351,11.7267,6.6776,2.6011
7.8934,10.618,2.2449,6.2851,-0.8473,3.0352,0.20234,0.63098,0.67521,-0.56295,-0.25022,-0.23442,-0.0049388,0.001128,9.1408e-05,0.0038131,0.0014404,0.0032826,0.0023456,0.00034754,0.00086578,6.1985e-05,-0.00068925,-0.00028915,22.7473,22.1758,19.4101,25.0758,12.4653,19.9927,13.3632,15.336,10.4956,5.4593,4.0548,1.2919,8.2445,11.2781,16.8741,17.1876,14.5376,16.2069,12.3547,11.4278,9.9289,5.6483,3.1602,1.3569,-5.49,-7.7253,-15.9339,-12.9616,-20.2165,-14.6967,-12.9056,-9.5441,-10.6072,-7.2309,-3.5443,-1.6399,-11.7843,-17.5715,-13.3865,-17.4606,-16.6676,-15.4234,-16.2972,-13.6679,-9.6687,-6.1821,-3.3873,-1.2211,28.2373,29.9011,35.344,38.0374,32.6818,34.6894,26.2689,24.8801,21.1028,12.6903,7.5991,2.9318,20.0289,28.8496,30.2606,34.6481,31.2052,31.6303,28.6519,25.0957,19.5976,11.8304,6.5474,2.578
6.3797,9.0668,2.7411,7.6663,1.0646,3.9179,-0.19157,-0.64196,-0.090334,-0.28854,-0.24382,-0.19674,-0.0040072,0.0029099,-0.0017155,0.0014942,0.00082252,0.0020965,0.0002787,-0.00075375,0.0026597,0.00096463,-0.00086415,-0.00020308,19.2921,22.1758,25.6412,27.8612,17.3081,19.9927,13.9646,11.6605,10.4956,6.323,5.571,0.96843,11.7303,11.2781,13.5026,15.1619,14.5376,15.0259,13.09,12.7811,9.8361,6.0738,3.3404,1.2689,-18.2281,-8.4358,-14.4017,-12.789,-17.5238,-15.1329,-18.1316,-12.4072,-10.6587,-8.1046,-3.612,-1.2993,-8.3456,-14.6726,-13.9589,-20.6727,-19.4168,-16.1592,-14.9624,-13.6679,-8.4239,-6.0784,-3.3873,-1.2416,37.5201,30.6116,40.0429,40.6501,34.8319,35.1255,32.0962,24.0677,21.1543,14.4276,9.1829,2.2677,20.0759,25.9507,27.4615,35.8345,33.9544,31.1851,28.0524,26.4491,18.26,12.1522,6.7277,2.5106
7.3578,10.0889,3.4772,9.186,-1.5785,0.22776,0.36864,0.060405,1.2299,0.14215,-0.40647,-0.20349,0.00073151,0.0035484,-0.0013475,0.0022733,-0.00022229,0.001833,0.0014219,0.00080184,0.0021925,0.00012718,-0.00086167,-0.00026846,19.1654,21.5525,19.9995,26.474,12.1068,17.3962,15.0003,15.1547,10.4956,8.2392,3.7421,1.2114,10.4713,10.7105,14.5976,15.6362,12.1352,15.6443,12.4602,11.9251,9.8361,7.9025,3.0688,1.2689,-11.3405,-6.4064,-13.0694,-12.8065,-25.1202,-21.9109,-14.8787,-12.6488,-7.9064,-5.5814,-4.898,-1.4446,-11.8222,-17.2424,-13.9709,-15.2512,-13.9697,-13.1245,-11.1289,-9.8045,-8.4239,-6.1251,-3.6208,-1.283,30.5059,27.9589,33.0689,39.2806,37.227,39.3071,29.8789,27.8035,18.402,13.8206,8.6402,2.656,22.2936,27.9529,28.5685,30.8875,26.1049,28.7688,23.5891,21.7297,18.26,14.0276,6.6896,2.552
8.4964,9.2757,1.9743,7.5724,-0.6578,2.8838,0.7939,0.69061,0.76937,0.014664,-0.01057,-0.21448,0.0006015,0.0035896,-0.00027119,0.0043027,0.001422,0.0014106,0.0011512,0.00094489,0.0021963,0.00091372,-0.00012702,-0.00020206,23.2371,21.5525,21.6801,25.313,13.9292,19.1546,16.3359,14.2119,10.4956,7.5724,5.105,0.96843,10.0889,15.6341,13.504,15.6362,16.8764,19.1474,12.6444,10.3183,9.8361,7.9025,3.3745,1.2689,-9.8889,-14.6876,-17.6559,-12.8065,-22.3237,-20.5948,-13.9323,-12.6488,-10.0598,-7.4277,-3.02,-1.883,-10.1257,-17.0065,-15.8136,-15.9166,-16.0345,-24.3825,-16.1373,-13.5491,-8.4239,-5.5152,-3.178,-1.5786,33.1261,36.24,39.3361,38.1196,36.2529,39.7494,30.2682,26.8606,20.5554,15.0001,8.125,2.8515,20.2145,32.6405,29.3176,31.5528,32.9109,43.5299,28.7818,23.8674,18.26,13.4176,6.5525,2.8475
8.0766,9.7816,2.4698,7.49,0.22173,2.8258,-0.36768,0.07651,0.69135,-0.026775,-0.048297,-0.23906,0.0026605,0.0044067,-0.00179,0.0024313,0.00011503,0.0014128,0.001329,0.00034912,0.00076089,0.0006874,-0.00045899,-0.00031946,22.7226,21.5525,23.1454,25.9492,20.1673,18.6596,14.5519,14.6422,10.4956,7.5724,5.9822,0.96843,15.7116,12.773,14.0465,15.7873,19.3473,16.4839,11.7421,10.5189,9.8361,7.9025,3.3747,1.3167,-10.7385,-13.2922,-14.7786,-12.8065,-20.5526,-20.5948,-18.2132,-12.7891,-8.9405,-7.4652,-2.9473,-1.493,-10.102,-14.6726,-13.9709,-15.5055,-19.4394,-24.3825,-12.4332,-13.5491,-8.4239,-7.2083,-3.7413,-1.3777,33.461,34.8447,37.9241,38.7557,40.7199,39.2544,32.7651,27.4313,19.4361,15.0376,8.9295,2.4615,25.8136,27.4456,28.0173,31.2928,38.7867,40.8664,24.1753,24.068,18.26,15.1108,7.116,2.6945
6.3307,8.8511,4.8024,9.6165,0.38805,2.7864,-0.5648,-0.037989,0.29675,-0.31487,0.022935,-0.23281,0.0030272,0.0056206,-2.4549e-05,0.0036921,0.00010176,0.0022312,0.00058181,-0.0001531,0.00091463,0.00031374,-0.00024776,-0.00025301,20.4378,22.6318,24.1287,29.0106,17.0916,17.3962,14.5519,11.7821,10.4956,7.5724,5.1089,1.0343,15.6161,16.2993,16.2143,15.6651,15.3657,15.5668,11.7421,11.4095,9.8361,7.9025,4.8223,1.2706,-15.9919,-13.4162,-13.0694,-12.8065,-16.7376,-20.5948,-14.3293,-13.5698,-8.9041,-7.3591,-3.3717,-1.3351,-11.6925,-14.6726,-15.8447,-15.978,-14.4272,-24.3825,-13.316,-13.5491,-8.4769,-5.6095,-4.6027,-1.3715,36.4298,36.048,37.1981,41.8171,33.8291,37.9909,28.8812,25.3519,19.3998,14.9315,8.4806,2.3693,27.3086,30.9719,32.059,31.6431,29.7929,39.9492,25.0581,24.9586,18.3131,13.5119,9.425,2.6421
7.8973,10.7369,2.4771,6.1705,-0.93635,2.8012,-0.030487,-0.37999,0.79978,-0.13008,-0.14399,-0.18614,0.0025445,0.0050379,-0.00082564,0.0031995,0.0018206,0.004368,0.0017933,-0.00050905,0.0013185,0.00095851,-0.00031435,-0.00040081,23.2382,22.3146,19.8585,25.3324,13.9292,19.6068,15.5593,11.6605,10.4956,7.5724,4.1795,0.96843,14.961,13.4501,13.504,17.9802,15.2056,14.4167,13.4177,10.9627,9.8361,7.9025,4.6533,1.5678,-11.2167,-7.9384,-13.0694,-12.8065,-19.1443,-20.5948,-15.063,-12.6488,-9.6232,-6.4129,-3.6422,-1.2812,-8.2093,-22.2691,-16.1721,-15.2512,-18.0158,-24.3825,-12.4332,-13.5491,-8.6584,-6.9716,-3.8156,-1.1513,34.455,30.253,32.9279,38.139,33.0735,40.2016,30.6223,24.3093,20.1189,13.9853,7.8217,2.2496,23.1703,35.7192,29.6761,33.2314,33.2214,38.7992,25.8509,24.5118,18.4946,14.8741,8.4689,2.7191
7.6636,9.7814,1.9772,6.2768,0.29032,3.815,0.77748,0.22072,0.81011,-0.14211,-0.042975,-0.21896,0.0024834,0.00559,0.00042621,0.0046928,0.0022593,0.0044227,0.0035249,0.0016803,0.0024403,0.00077392,-0.00050499,-0.00031843,19.6516,21.5525,17.5151,25.313,16.4972,23.3041,14.8491,20.7784,10.4956,7.5724,4.9106,1.303,14.3225,16.6784,14.6164,15.6362,15.0212,14.4592,15.1961,12.0806,9.8361,7.9025,3.7626,1.3482,-16.9569,-10.7509,-13.0694,-12.8065,-17.0054,-20.5948,-14.2223,-13.383,-10.9709,-7.9991,-3.0411,-1.601,-8.5293,-16.4526,-14.2056,-17.7927,-14.2695,-24.3825,-14.5597,-13.5491,-8.4239,-6.9716,-3.9499,-1.1614,36.6085,32.3034,30.5845,38.1196,33.5026,43.8989,29.0713,34.1615,21.4666,15.5714,7.9516,2.9039,22.8518,33.131,28.8221,33.429,29.2907,38.8417,29.7559,25.6297,18.26,14.8741,7.7125,2.5096
7.8957,10.2227,2.652,7.5719,0.17799,2.7047,-0.34361,-0.38028,0.35777,-0.33078,-0.071178,-0.16526,0.0013956,0.0036119,-0.0015393,0.0024904,-0.00064057,0.0020326,0.0021777,0.00018651,0.00071906,0.00051182,-0.00022455,-0.00031976,24.2857,22.1663,21.4628,26.6187,17.1931,20.858,16.5605,11.6605,10.4956,7.5724,3.8623,1.1588,13.0169,14.6289,19.9662,15.8048,17.0256,16.6095,13.0421,12.2758,9.8361,7.9025,3.7417,1.3845,-9.0103,-12.9395,-16.995,-12.8065,-16.1089,-21.1126,-18.1691,-12.6488,-9.8335,-7.4106,-3.2574,-1.3137,-11.5368,-21.7921,-15.4766,-15.2512,-13.8713,-24.3825,-12.4332,-13.5491,-9.2388,-5.897,-3.3122,-1.2906,33.2961,35.1058,38.4578,39.4252,33.3021,41.9707,34.7296,24.3093,20.3292,14.983,7.1197,2.4725,24.5537,36.421,35.4428,31.056,30.8969,40.9919,25.4753,25.8249,19.0749,13.7995,7.0539,2.675
7.6232,9.3236,2.8993,6.8725,-0.60798,2.8775,-0.33248,-0.083904,1.151,0.020117,-0.17234,-0.20397,-0.00045517,0.0020537,-0.002121,0.0023933,2.1612e-05,0.0019415,0.0009611,0.0010792,0.0018745,0.0010583,-0.00060269,-0.00023925,23.1265,21.5525,24.8422,29.6964,15.4194,22.9741,14.5519,13.6282,10.7925,7.5724,3.6731,1.1261,10.5088,11.8954,13.504,16.807,18.5205,15.1594,11.7421,12.5643,11.3394,7.9025,3.4284,1.2689,-11.6795,-16.707,-15.6598,-17.3676,-21.3403,-20.5948,-15.2648,-15.146,-9.8039,-6.9974,-3.8149,-1.6955,-7.7268,-17.6737,-13.9709,-18.7771,-16.8045,-24.3825,-12.4332,-13.5491,-9.4398,-6.0866,-2.9539,-1.4457,34.8061,38.2595,40.502,47.064,36.7596,43.5689,29.8166,28.7742,20.5964,14.5697,7.4879,2.8216,18.2356,29.5691,27.4748,35.5842,35.3251,39.5419,24.1753,26.1134,20.7792,13.989,6.3823,2.7147
9.3637,10.1281,0.39635,4.8646,-2.2889,1.6896,0.47202,0.63768,0.97939,-0.15607,-0.0058493,-0.20413,0.0019592,0.0042043,-0.0021698,0.00047678,-0.0013861,0.0033405,0.0032164,0.00094098,0.0012936,7.078e-05,-0.00046057,-0.0002272,23.1971,25.3369,12.3366,25.313,15.133,17.3962,14.5519,14.8532,10.4956,7.5724,5.0986,1.2674,17.9962,11.3746,13.504,15.6362,15.4969,14.4167,12.3021,11.8072,9.8361,7.9025,3.1792,1.2689,-9.4929,-13.6098,-19.8416,-18.4917,-29.6277,-20.5948,-14.2982,-15.0636,-10.4283,-7.7601,-3.5137,-1.4258,-17.3973,-14.6726,-14.3583,-15.2512,-13.5025,-24.3825,-12.6962,-13.5491,-8.7447,-5.5824,-3.5079,-1.2253,32.69,38.9467,32.1782,43.8047,44.7607,37.9909,28.8501,29.9168,20.9239,15.3325,8.6124,2.6933,35.3935,26.0471,27.8623,30.8875,28.9994,38.7992,24.9983,25.3563,18.5808,13.4849,6.6872,2.4943
7.8465,9.9908,2.4919,6.7542,-0.023284,2.9702,-0.36763,-0.28776,0.56798,-0.26621,-0.10862,-0.19559,-0.00018822,0.0027366,-0.0014665,0.003661,0.0022872,0.0033631,0.00050653,-0.0006549,0.0024053,0.00069428,-0.00089224,-0.00034133,20.7596,22.6018,21.3561,26.3934,17.0544,20.8117,15.5142,11.6605,10.4956,7.5724,6.8694,0.96843,8.9874,10.7526,13.504,16.1038,15.161,16.8605,18.3079,13.1144,9.8361,7.9025,5.0495,1.3005,-11.3835,-10.679,-13.0694,-12.8065,-19.2982,-15.7911,-16.1476,-12.6488,-12.6591,-8.8962,-4.2028,-1.5653,-11.511,-14.6726,-13.9709,-15.2512,-13.1554,-15.7027,-13.3054,-13.1559,-8.4239,-6.8801,-3.2549,-1.3212,32.1432,33.2808,34.4255,39.1999,36.3526,36.6028,31.6617,24.3093,23.1547,16.4685,11.0722,2.5337,20.4985,25.4251,27.4748,31.355,28.3165,32.5632,31.6132,26.2703,18.26,14.7826,8.3044,2.6217
8.7534,10.0559,1.7681,6.9858,0.49365,3.2412,-0.44013,-0.064374,0.94164,-0.18181,-0.085828,-0.18162,-0.0029832,0.0038933,0.002765,0.0048563,0.0026424,0.0039433,0.0027238,-0.0025376,0.00075449,0.0003861,-0.0010067,-7.1318e-05,23.3322,23.7705,14.075,23.5604,21.3673,19.3605,14.5519,15.1921,10.4956,7.5724,3.818,1.0724,10.1272,15.2333,13.7892,15.6362,16.5495,14.4167,11.7421,10.458,9.9163,7.9025,3.1342,1.2689,-4.1804,-19.1177,-13.3266,-14.1737,-19.9759,-15.7911,-15.4102,-12.6488,-8.4622,-6.6825,-3.7634,-1.2812,-11.0132,-14.6726,-13.9709,-15.2512,-19.7942,-17.7739,-14.9995,-13.1559,-9.4258,-6.1118,-3.4341,-1.2925,27.5125,42.8882,27.4016,37.7341,41.3432,35.1516,29.9621,27.8408,18.9578,14.2549,7.5814,2.3535,21.1404,29.9059,27.7601,30.8875,36.3437,32.1906,26.7416,23.6139,19.3421,14.0142,6.5683,2.5614
7.3479,11.1578,3.7654,6.6575,-2.8112,1.8739,0.91391,-0.27011,0.50784,-0.014171,-0.46046,-0.17116,-0.00072944,0.0015791,-0.0027463,0.0013392,-0.0031489,-0.00026673,0.00055936,-0.0010288,0.0010087,0.0013034,-0.00025009,-0.00029752,19.141,21.6222,19.6612,22.9648,12.1068,17.3962,18.2224,11.6605,10.4956,7.2687,3.184,0.99915,8.4636,10.7105,16.7752,14.1432,18.9957,16.0107,12.9985,9.9804,10.0692,5.6483,2.9758,1.4475,-8.7894,-8.2761,-12.911,-22.3313,-23.3515,-22.5484,-13.1041,-17.3291,-7.7359,-5.2899,-3.403,-1.3035,-11.7977,-19.7221,-13.9709,-22.8136,-22.3897,-16.9736,-12.0107,-12.6528,-9.1469,-5.7726,-2.9998,-1.2043,27.9303,29.8983,32.5722,45.2962,35.4582,39.9446,31.3265,28.9896,18.2316,12.5586,6.587,2.3026,20.2613,30.4326,30.7461,36.9568,41.3854,32.9844,25.0092,22.6332,19.2161,11.4209,5.9756,2.6518
8.2039,10.0314,2.9781,5.9408,-1.7463,1.9626,0.24024,0.84068,-0.042671,-0.68974,-0.019244,-0.20897,0.0020742,0.0033096,0.00015579,0.0059334,0.002246,0.0037254,0.0029707,0.00092703,0.0015579,0.00056886,-0.00064935,-0.00049748,22.8372,21.7096,23.4892,21.213,15.7245,25.3994,13.3632,17.1816,10.4956,6.1573,4.2942,1.0422,11.2508,13.4808,13.504,12.7495,15.4656,16.5866,13.3762,12.8349,9.8361,5.6483,3.4459,1.3873,-19.1523,-11.5485,-10.4036,-9.1735,-19.0116,-14.9271,-13.4483,-11.3327,-10.2639,-9.8431,-3.0663,-1.5534,-12.1996,-15.0859,-13.9709,-15.2512,-15.6753,-16.583,-12.963,-14.3367,-8.8053,-7.5091,-4.2499,-1.1381,41.9895,33.258,33.8928,30.3865,34.736,40.3265,26.8116,28.5143,20.7595,16.0003,7.3605,2.5956,23.4505,28.5667,27.4748,28.0007,31.1409,33.1697,26.3393,27.1716,18.6415,13.1574,7.6958,2.5254
6.2125,10.2407,3.4447,8.1129,-2.0376,1.824,0.51899,-1.354,1.126,0.044164,-0.30363,-0.17042,-0.0017337,0.00094772,-0.0013574,0.0023175,-0.00095049,0.0012902,0.00179,-0.00094581,0.0015965,0.0010693,-0.0003752,-0.00021577,17.9455,22.8876,24.2487,22.9352,12.1068,16.2568,13.3632,11.6605,11.3608,6.4796,3.9509,1.2958,8.2322,11.4968,13.5782,12.5977,15.2111,11.9503,12.4547,14.0681,9.8361,6.0093,3.4284,1.402,-16.1932,-9.2055,-12.745,-6.5154,-25.9257,-19.2112,-15.1254,-17.3962,-6.6787,-5.3803,-3.156,-1.3207,-8.3983,-14.6726,-10.8178,-12.7755,-14.6272,-12.4932,-14.3627,-12.4716,-8.4239,-6.5856,-3.4378,-1.308,34.1387,32.0931,36.9937,29.4505,38.0325,35.468,28.4886,29.0567,18.0395,11.8599,7.1068,2.6164,16.6305,26.1694,24.396,25.3733,29.8383,24.4436,26.8174,26.5397,18.26,12.5949,6.8662,2.71
7.7727,10.1542,0.54994,4.1901,-3.6701,2.9186,1.2865,-0.3791,0.62076,0.027273,-0.17217,-0.24696,0.0011491,0.001601,-0.0048745,0.00011768,0.00086656,0.0027835,-0.00080069,-0.0024248,-0.00027244,-5.369e-05,-5.3874e-06,-6.1655e-05,18.6929,21.4521,19.004,19.1224,12.1068,18.8591,14.2475,11.6605,11.7998,6.694,4.3836,1.3152,9.9291,12.3095,12.8428,11.809,16.0467,14.1668,12.9348,12.2024,9.8361,6.7076,3.6434,1.2981,-12.2947,-19.2752,-18.8963,-17.448,-25.7108,-16.364,-10.5949,-13.6766,-7.5368,-6.5197,-3.8602,-1.946,-14.2825,-16.0429,-11.659,-12.9579,-16.4,-13.4484,-12.2573,-10.1453,-8.4239,-5.7671,-4.1962,-1.515,30.9876,40.7273,37.9003,36.5704,37.8176,35.2232,24.8424,25.3371,19.3366,13.2136,8.2438,3.2611,24.2117,28.3524,24.5018,24.7669,32.4467,27.6152,25.1922,22.3477,18.26,12.4748,7.8396,2.813
7.0446,11.3949,3.9224,6.814,-1.9295,1.8139,0.46913,-0.3861,0.47485,-0.15467,-0.41422,-0.2013,-0.0024909,-0.0014299,-0.0011951,0.00073829,-0.00098459,0.0020092,0.00063722,-0.00088831,0.0018076,0.00040423,3.9072e-05,-0.00014539,17.4533,26.0735,23.893,26.4111,12.5168,16.5342,16.2575,15.0269,10.4956,6.8122,3.9535,1.179,8.1232,10.7105,13.114,13.5213,13.4137,17.1981,11.8289,11.4706,9.8361,6.2099,3.6969,1.3659,-14.5296,-8.7437,-9.7204,-11.2992,-22.9538,-22.2309,-14.3281,-16.5502,-8.6551,-5.7223,-3.4184,-1.4403,-12.8806,-18.1927,-12.7023,-15.9654,-14.3972,-14.0553,-13.786,-9.2963,-8.8048,-5.4707,-3.8616,-1.3721,31.9829,34.8172,33.6134,37.7104,35.4705,38.7651,30.5856,31.577,19.1507,12.5345,7.3719,2.6193,21.0038,28.9033,25.8162,29.4867,27.8108,31.2535,25.6149,20.7668,18.641,11.6805,7.5586,2.738
7.9372,8.8797,0.99334,7.8137,-2.3926,1.4638,0.8004,-1.0304,1.3085,-0.18742,-0.39098,-0.13569,-0.002633,0.0037277,-0.0013043,-0.0004283,0.0019279,0.0017384,0.00062442,0.0016229,0.0015696,0.0014091,-0.00058734,-0.00013194,18.8097,21.0524,14.3866,24.2232,12.5627,16.4512,16.8764,11.6605,12.4829,6.9784,3.6282,1.3795,14.267,13.1832,10.962,14.161,13.4885,13.0916,11.7421,10.7953,9.8361,6.2099,3.3716,1.3368,-6.9802,-6.9586,-18.7754,-7.4497,-26.301,-23.8116,-18.8931,-15.7037,-9.7555,-7.5159,-4.1047,-1.2332,-11.411,-14.6726,-10.9788,-15.8671,-14.3972,-16.8431,-11.4051,-10.3935,-8.8048,-6.047,-3.5772,-1.4448,25.7899,28.011,33.162,31.673,38.8637,40.2628,35.7695,27.3641,22.2384,14.4943,7.7329,2.6127,25.678,27.8558,21.9408,30.0281,27.8857,29.9347,23.1472,21.1888,18.641,12.2569,6.9488,2.7816
