1450.4326,2981.2274,3985.7942,475.8638,439.6208,366.9128,1412.4315,2965.4305,4007.7361,445.2604,429.979,373.2805,3820.09,4888.9529,4905.0831,2659.576,2859.9548,1936.7316,3786.7677,4878.8641,4881.0183,2762.6242,2381.8707,1866.2888,86.607,796.4031,2325.3673,32.6086,53.1076,80.5052,37.4561,794.9475,2270.6124,31.8144,48.3554,115.3147,3733.483,4092.5498,2579.7158,2626.9673,2806.8472,1856.2264,3749.3115,4083.9165,2610.4059,2730.8098,2333.5153,1750.974
1335.9183,3096.8006,3998.5234,424.7663,400.2238,326.4379,1322.2397,3100.9648,4034.0273,399.624,414.3515,339.4349,3747.2127,4861.8803,4899.9077,3150.2624,1416.3124,1999.0945,3682.7266,4887.1657,4912.6829,1795.7974,2626.809,1315.0024,79.2855,834.7599,2236.8796,48.6144,80.5981,79.7207,13.887,801.9504,2244.5156,41.0248,78.216,81.2911,3667.9272,4027.1204,2663.0281,3101.648,1335.7142,1919.3737,3668.8396,4085.2153,2668.1673,1754.7726,2548.593,1233.7113
1356.2974,2987.4227,3938.789,439.9941,469.3025,324.9059,1327.6035,3061.9992,4076.5094,449.2343,455.9109,338.4466,3686.6433,4891.3237,4891.5424,3305.3951,1528.8707,2655.4809,3744.9398,4869.0853,5008.4345,2937.2251,2493.7065,1187.6187,32.8771,756.1568,1895.0033,31.0825,96.0209,118.4379,13.2594,741.3859,1977.8832,30.7651,100.2914,98.7774,3653.7662,4135.1669,2996.5391,3274.3126,1432.8499,2537.0429,3731.6805,4127.6994,3030.5513,2906.46,2393.4151,1088.8413
1273.583,2805.6346,3876.2724,366.8082,433.7343,334.7808,1263.3506,2887.1506,4014.1945,364.6685,434.7975,341.6862,3686.0446,4848.3872,4910.057,2598.7305,3604.9736,1921.4075,3858.3777,4872.1429,4930.3731,3817.2657,2482.9993,1287.2287,34.5904,896.685,2277.1708,34.85,92.8383,117.906,11.6414,894.0524,1918.7463,38.6377,44.6661,87.1809,3651.4542,3951.7023,2632.8862,2563.8805,3512.1354,1803.5016,3846.7363,3978.0905,3011.6268,3778.628,2438.3332,1200.0479
1270.9903,2987.1184,3949.5695,413.5973,428.2343,307.8819,1254.8632,2958.508,3966.0538,401.2114,443.6629,324.853,3689.8725,4870.8414,4892.6297,3593.83,3540.1603,1346.845,3747.1189,4883.3923,4911.7036,3089.7524,2429.3692,1860.2885,46.4299,767.7227,2110.0842,34.4139,50.0335,86.459,97.1629,793.793,2462.742,39.3538,80.8789,100.9017,3643.4425,4103.1188,2782.5455,3559.4161,3490.1269,1260.386,3649.956,4089.5992,2448.9616,3050.3986,2348.4904,1759.3867
1253.3536,2953.587,3957.3124,442.5932,473.3807,333.1933,1182.116,2979.8629,4035.855,432.4734,490.9653,351.2059,3689.8725,4870.8414,4891.0514,2867.2589,1867.3895,2550.8342,3780.6601,4883.3923,5085.3852,3237.2888,2736.5775,1259.6188,62.7894,999.5967,2301.1276,35.2511,72.6453,74.5893,11.7888,957.0175,2629.8592,33.947,86.071,113.991,3627.0831,3871.2447,2589.9238,2832.0079,1794.7442,2476.2449,3768.8712,3926.3747,2455.526,3203.3417,2650.5065,1145.6278
1256.5034,3023.2259,4012.2431,421.4369,416.0463,314.6977,1274.6944,3052.4044,4057.767,425.0902,430.664,329.7683,3771.4914,4877.1719,4891.4363,2968.4065,3495.1052,1244.176,3767.7834,4878.4917,4907.309,2836.7092,2588.7115,2230.2977,39.9254,798.5456,2200.0602,37.1605,63.8474,55.1551,45.4955,748.259,2173.2818,36.1843,62.9159,73.7663,3731.566,4078.6263,2691.3761,2931.246,3431.2578,1189.0209,3722.288,4130.2327,2734.0272,2800.5249,2525.7956,2156.5314
1515.2644,3215.8855,4110.3493,454.4498,393.5157,311.9164,1402.4831,3181.4974,4111.8552,448.6297,400.6851,331.2921,3746.4241,4873.6565,4889.2298,3709.3992,2146.395,1419.5743,3821.0388,4872.7021,4910.9622,4043.8005,2218.7536,1121.3917,10.8539,644.5911,1997.2805,40.7311,56.6263,77.1556,37.2421,716.7584,2531.8125,37.7247,57.5709,62.2559,3735.5703,4229.0655,2891.9493,3668.6681,2089.7687,1342.4187,3783.7966,4155.9437,2379.1497,4006.0758,2161.1827,1059.1358
1385.6221,3191.2615,4107.0237,446.6449,441.5453,322.5075,1341.2357,3214.1642,4156.5451,442.9799,438.5507,353.2542,3750.8251,4878.1028,4903.056,2770.9381,2232.1412,1839.7782,3870.9326,4845.2375,4925.7329,4605.8483,4051.8663,1525.3835,13.0192,837.8228,2576.9758,31.8137,77.902,93.7991,21.9216,848.2944,2775.1392,31.6738,96.103,77.0241,3737.8059,4040.28,2326.0802,2739.1244,2154.2392,1745.9792,3849.0111,3996.9431,2150.5937,4574.1745,3955.7633,1448.3594
1306.1099,3116.1494,4055.1411,428.519,413.7806,320.5084,1220.4457,3079.9961,4067.4973,404.3817,400.3844,343.7022,3934.8068,4890.3239,4921.3446,5291.6881,2568.1824,1564.3137,3801.1795,4849.7178,4913.0684,3126.1371,2247.6558,2149.6195,13.3449,826.3552,2539.3139,48.7156,41.7663,62.4357,13.6324,671.1606,2599.6128,41.4826,49.708,50.0786,3921.462,4063.9687,2382.0307,5242.9725,2526.4161,1501.878,3787.5471,4178.5572,2313.4556,3084.6545,2197.9478,2099.5409
1304.8532,3112.9477,4045.1977,424.2978,395.2564,291.1939,1260.4277,3123.8608,4066.4388,423.1507,408.1653,302.8478,3727.3209,4862.7582,5038.4603,2428.9536,2211.5988,1461.3053,3754.2235,5058.6712,5157.8111,2601.7926,2527.9531,1436.2579,51.2733,737.4604,2519.9915,34.9105,51.4058,62.8357,10.8483,744.2762,2507.0431,33.2644,61.8296,49.9589,3676.0475,4125.2978,2518.4688,2394.0431,2160.193,1398.4696,3743.3751,4314.395,2650.768,2568.5281,2466.1235,1386.299
1322.756,3189.1078,4088.9511,392.9934,398.2323,332.0464,1222.025,3111.4853,4077.0089,393.415,387.4774,343.1814,3717.2529,4895.0193,4953.7265,2060.8735,3972.0577,1191.2114,3695.2393,4858.7965,4905.8783,2483.1624,2255.1068,1624.4526,59.2166,832.3389,2665.0999,35.0088,66.1838,80.8875,136.9169,733.2838,2558.6036,35.7137,56.8654,69.3805,3658.0363,4062.6804,2288.6265,2025.8647,3905.8739,1110.3238,3558.3224,4125.5128,2347.2748,2447.4487,2198.2415,1555.0721
1229.5755,2869.5849,3912.1727,432.257,410.5409,326.1469,1212.3293,2857.0871,3928.0329,432.9514,405.9404,351.4239,3747.1938,4871.5892,4886.1377,2438.8188,2220.9779,1763.2208,3800.3781,4864.9561,4919.3394,2353.8401,1799.4894,1864.2746,69.1883,931.7845,2030.4165,41.86,47.9488,87.0473,32.3138,797.8795,2120.1463,35.9297,53.7048,104.4841,3678.0055,3939.8047,2855.7212,2396.9588,2173.0291,1676.1734,3768.0643,4067.0766,2799.1931,2317.9105,1745.7845,1759.7905
1381.0744,3158.3341,4030.3748,454.1976,416.9962,284.1231,1319.186,3132.0252,4025.9562,472.7096,427.1317,338.8187,3730.3528,4905.8473,4928.4495,3822.4829,2086.6556,2642.7262,3744.0237,4921.4469,4912.9018,8570.5944,7010.8962,2207.4517,22.4531,755.8011,2012.4475,36.1994,96.3556,58.4611,12.6116,749.6869,2056.3846,37.0529,83.4678,47.123,3707.8997,4150.0462,2916.002,3786.2835,1990.3,2584.2651,3731.4121,4171.76,2856.5171,8533.5415,6927.4284,2160.3287
1589.0289,3181.4715,4041.4877,511.2882,454.5372,300.1369,1503.6926,3185.3493,4083.4198,489.5784,443.3913,334.7309,3748.1487,4900.6364,4912.3323,5969.1681,3115.1451,1413.8549,3744.0237,4918.3379,4931.6338,2895.3991,2299.1088,1395.2813,34.1925,1012.2777,2406.4452,39.8037,78.3525,100.3725,46.4946,1024.4758,2587.1497,35.1612,85.1127,75.9192,3713.9562,3888.3588,2505.8871,5929.3644,3036.7926,1313.4824,3697.529,3893.862,2344.4841,2860.2378,2213.9961,1319.3621
1448.8666,3223.2433,4123.8598,455.4606,406.038,270.0044,1350.8368,3198.6176,4114.241,448.6308,423.6197,327.4379,3722.7558,4892.6739,4912.8675,2079.9401,2072.141,1242.3627,3761.1346,4914.0612,4936.4727,3839.3658,3198.0485,2008.4673,17.3113,814.9637,2510.3573,35.9913,86.3,69.1051,11.9303,824.5047,2362.0009,35.3102,90.066,103.0198,3705.4446,4077.7102,2402.5102,2043.9488,1985.841,1173.2576,3749.2044,4089.5564,2574.4718,3804.0556,3107.9825,1905.4476
1480.176,3186.258,4089.9845,488.2292,436.6075,287.5617,1395.3726,3199.7692,4169.4353,492.4489,436.0393,315.9942,3795.6122,4923.0151,4909.0793,2168.5449,2274.5496,2087.9647,3744.0237,4910.536,4944.4792,3016.7193,1781.1814,1530.9872,17.3924,819.798,2332.4486,33.6281,86.7409,91.9202,32.5898,878.0469,2122.3734,33.8321,57.354,71.8875,3778.2199,4103.217,2576.6306,2134.9168,2187.8087,1996.0445,3711.4338,4032.4891,2822.1058,2982.8872,1723.8273,1459.0997
1508.7017,3188.1903,4016.3068,489.6485,404.9353,297.7466,1438.1836,3167.8718,4091.4967,471.1397,443.1907,323.5775,3740.2356,4905.2886,4929.2154,2382.6777,2151.1489,2000.2495,3807.8658,4902.4048,4935.1909,1925.4917,2319.6444,1621.1341,13.9573,958.5342,1822.9727,43.4592,59.929,93.1286,29.6052,787.4157,2081.0336,40.4981,65.7533,66.9337,3726.2783,3946.7543,3106.2427,2339.2185,2091.2199,1907.1208,3778.2606,4114.9891,2854.1573,1884.9936,2253.8911,1554.2004
1590.6878,3262.2855,4076.4142,522.3947,418.8149,277.7702,1501.5935,3223.3646,4106.1113,509.1774,423.4466,317.2619,3740.2356,4902.1772,4937.9535,3089.8427,3928.2355,1361.7916,3736.6045,4933.1272,4935.1909,3684.0683,1948.5205,1609.1067,76.6843,761.4628,2776.2058,40.3112,73.5592,82.9773,32.8476,749.0605,2406.7722,39.5881,86.0489,102.6635,3663.5513,4140.7144,2161.7477,3049.5315,3854.6763,1278.8143,3703.7569,4184.0667,2528.4187,3644.4802,1862.4717,1506.4433
1467.6056,2983.5778,3913.9741,465.097,373.938,277.4012,1318.8278,2858.1489,3868.8493,447.4189,382.8475,294.1774,3768.0026,4911.2125,4920.4405,5512.1705,2447.4835,2558.8991,3803.9139,4920.2568,4948.1648,3295.5948,1948.5205,1463.4475,13.7068,744.5037,2776.6818,39.7087,71.9568,82.1173,32.8617,804.9248,2220.5664,39.354,65.8504,57.5494,3754.2958,4166.7088,2143.7586,5472.4617,2375.5267,2476.7818,3771.0522,4115.332,2727.5984,3256.2408,1882.6701,1405.8981
1589.9322,3145.993,3996.9382,495.428,381.6027,270.1037,1449.342,3009.4536,3906.6682,506.27,376.5379,290.975,3781.6432,4913.507,4993.1271,2978.8491,2046.2562,1141.7894,3715.6972,4905.9631,4948.6438,8241.5396,1948.5205,1945.403,127.5187,839.3276,2153.653,35.4186,71.7819,91.022,76.3656,832.7415,2282.6493,35.4524,48.9848,84.806,3654.1245,4074.1794,2839.4741,2943.4305,1974.4743,1050.7674,3639.3316,4073.2217,2665.9945,8206.0872,1899.5357,1860.597
1572.1122,3103.0681,3966.6807,531.0241,398.2018,286.5221,1435.1126,3009.1246,3929.2612,496.4692,383.8856,301.4235,3820.0837,4937.8024,4930.1782,4042.109,2922.6254,5323.0837,3811.3115,4920.1089,4960.3535,2504.2003,1948.5205,1247.2265,54.2574,729.8047,1837.3351,34.7967,54.6584,69.5681,71.7333,821.77,1910.8118,33.707,56.8984,75.6985,3765.8263,4207.9977,3092.8431,4007.3124,2867.967,5253.5155,3739.5783,4098.3389,3049.5417,2470.4933,1891.6221,1171.528
1361.9134,3176.3297,4116.5642,452.8448,385.3311,342.7448,1268.1678,3093.18,4102.7532,452.1423,397.0862,340.5468,3740.2356,4888.1035,4901.8431,2598.7401,1783.654,1706.5202,3729.535,4861.5515,4935.1909,3274.9441,2507.5475,2975.3415,111.0405,848.092,2331.591,37.4559,42.9804,68.0326,12.5931,820.803,2617.1959,40.7611,48.7296,95.2228,3629.1951,4040.0116,2570.2522,2561.2842,1740.6737,1638.4876,3716.9419,4040.7485,2317.995,3234.183,2458.8178,2880.1187
1609.7929,3206.3398,4033.382,478.4139,398.0135,279.6285,1471.5301,3111.6261,4002.8206,466.6844,406.6851,292.1491,3782.516,4926.8154,4937.6364,3268.2884,2455.4865,1932.8574,3766.2951,4946.8737,4980.4507,2317.7194,2365.8243,2975.3415,44.6014,705.6513,1933.8541,34.8281,66.8456,50.8807,97.8545,714.1496,2022.9278,35.8627,66.6107,53.5954,3737.9146,4221.1641,3003.7823,3233.4603,2388.6409,1881.9767,3668.4406,4232.7241,2957.523,2281.8567,2299.2137,2921.746
1569.911,3239.9441,4039.9074,495.441,389.3684,265.9622,1422.3503,3081.2293,3983.8989,491.5372,389.5554,284.2663,3809.4109,4932.2926,4951.503,3663.4648,3464.3442,1141.7894,3755.892,4919.7202,4959.1621,2894.6083,2909.788,2975.3415,82.1877,770.9638,2378.2236,40.6415,52.6125,38.4844,85.5344,687.9453,1859.6841,37.9084,75.3036,39.5608,3727.2231,4161.3289,2573.2794,3622.8233,3411.7318,1103.305,3670.3576,4231.7749,3099.478,2856.6999,2834.4844,2935.7807
1479.3051,3010.9149,3952.1382,471.1068,397.2203,295.2736,1401.958,2939.5111,3921.3187,452.0625,393.4535,317.9952,3740.2356,4923.9432,4936.7828,3663.4648,1783.654,1458.7556,3776.6872,4915.8526,4935.1909,2644.3416,2234.6508,3297.2733,22.8253,916.7062,1997.4665,38.3683,57.3996,52.138,11.5379,917.9216,1836.8523,43.0756,56.831,48.5655,3717.4103,4007.237,2939.3163,3625.0965,1726.2545,1406.6176,3765.1493,3997.931,3098.3386,2601.2659,2177.8198,3248.7079
1597.2973,3169.6796,4034.124,483.7713,418.0673,293.4888,1532.8288,3096.7801,3969.0474,496.6199,414.9703,307.3104,3784.6655,4936.6243,4943.1966,2238.3957,3861.4136,1436.2864,3734.9114,4950.9163,4978.9075,4272.1793,2682.8099,2152.2528,31.4138,988.3662,2384.6482,40.9159,39.0828,78.0655,17.2813,1007.8514,1866.3336,39.7324,91.217,87.4596,3753.2517,3948.258,2558.5484,2197.4797,3822.3308,1358.221,3717.6301,3943.0648,3112.5739,4232.4469,2591.5929,2064.7932
1464.2307,3056.5488,3993.6177,470.9244,450.5733,322.5742,1426.038,3015.7333,3988.9845,456.0483,421.6967,341.9141,3817.6174,4941.2319,4936.6333,4161.9072,3637.7398,1202.8511,3828.2906,4916.6815,4958.4764,4272.1793,2682.8099,1591.7741,20.2698,673.2132,1738.8383,35.0355,50.3286,87.2868,14.095,635.5796,1741.2777,32.9152,46.4306,104.4337,3797.3476,4268.0187,3197.795,4126.8717,3587.4112,1115.5643,3814.1957,4281.1019,3217.1987,4239.2641,2636.3793,1487.3404
1722.7201,3187.6239,4028.9036,552.6435,411.2488,270.7627,1638.3248,3062.1093,3958.0919,541.8768,399.9095,286.7994,3784.6655,4924.2181,4936.6333,8935.2922,2232.43,1232.7072,3685.3324,4902.0398,4958.4764,4272.1793,2838.104,1113.0693,64.5937,672.7831,1517.5501,48.1573,50.0918,50.0507,77.1429,822.5114,1694.2594,55.5518,45.1817,52.7641,3720.0718,4251.435,3419.0832,8887.1349,2182.3382,1182.6565,3608.1896,4079.5284,3264.217,4216.6275,2792.9223,1060.3052
1590.2498,3083.0801,3950.3706,486.6775,400.0172,295.5629,1524.1374,2986.0936,3896.1215,501.3817,382.7215,306.8536,3784.6655,4918.9927,4949.9006,2403.1926,2307.4297,1251.7113,3798.7935,4902.0398,4958.4764,4272.1793,2049.3728,1240.7866,11.3585,731.4784,1743.801,43.5635,55.054,60.0236,12.1515,773.0849,1755.6527,35.3727,52.629,58.5242,3773.307,4187.5143,3206.0996,2359.629,2252.3757,1191.6877,3786.642,4128.9549,3202.8238,4236.8066,1996.7437,1182.2624
1605.6283,3152.5668,4061.3505,490.2753,408.8637,289.2761,1555.0345,3059.9291,3985.8332,506.6819,409.8662,303.7706,3834.3275,4918.9927,4944.7291,2650.376,1514.5664,1320.8924,3749.9568,4908.2992,4958.4764,4272.1793,2420.8066,1448.5677,38.9694,762.7774,2104.8769,41.884,52.9356,45.6981,25.6112,709.3919,1970.2258,46.2254,50.3203,52.0955,3795.358,4156.2153,2839.8523,2608.492,1461.6308,1275.1943,3724.3456,4198.9073,2988.2506,4225.9539,2370.4863,1396.4722
1572.9842,2988.2571,3924.9133,478.8815,406.4133,296.8139,1515.6459,2929.1201,3871.7031,479.1581,395.123,303.5174,3814.047,4941.2645,4936.6333,2255.7397,2126.7743,2803.8519,3818.0965,4965.906,4936.3059,2618.9764,2354.8127,1169.6986,11.3322,756.1177,1806.3425,41.6138,62.7114,54.7729,54.0769,792.5024,1721.2494,43.3569,74.1996,57.1435,3802.7148,4185.1468,3130.2908,2214.1258,2064.0629,2749.079,3764.0195,4173.4036,3215.0565,2575.6195,2280.6131,1112.5551
1606.1037,3074.8544,3927.2241,509.735,407.3153,292.606,1484.687,2982.9063,3927.3327,486.7245,426.2694,312.0373,3815.1477,4941.2645,4936.6333,3193.4643,2593.9055,1495.5883,3827.0575,4924.3964,4938.4701,4347.2892,2356.6708,1047.9684,37.3475,717.9258,1677.2677,48.1573,61.4818,67.4842,10.869,731.7784,1707.9984,59.6558,49.6429,66.8333,3777.8002,4223.3387,3259.3656,3145.307,2532.4237,1428.1042,3816.1885,4192.6181,3230.4717,4287.6334,2307.0278,981.135
1474.9022,3172.7098,4052.1125,462.8878,398.1752,301.8612,1391.7618,3047.9768,3999.9745,460.1789,410.9388,329.684,3784.6655,4909.5911,4936.6333,2238.3957,1893.7138,1141.7894,3699.3013,4902.0398,4936.0692,2618.9764,2085.5603,1646.3805,39.3633,892.4661,2667.4889,32.1335,53.7238,73.6936,97.727,827.3449,2318.3796,31.189,53.7197,78.3767,3745.3021,4017.1249,2269.1444,2206.2622,1839.99,1068.0958,3601.5742,4074.6949,2617.6897,2587.7875,2031.8405,1568.0038
1757.3528,3219.8884,4035.2618,498.5992,392.9481,285.7514,1684.4937,3153.2538,4051.4305,514.302,417.3414,294.3468,3851.5623,4929.021,4941.5267,2614.3172,1573.1329,1141.7894,3869.7152,4949.7834,4976.0733,4556.1053,2085.5603,1656.8756,32.5542,698.0225,1674.6139,38.8609,84.5215,69.6282,24.0891,660.1919,1659.6548,51.5885,92.3349,59.8562,3819.008,4230.9985,3266.9128,2575.4564,1488.6114,1072.1613,3845.6261,4289.5915,3316.4185,4504.5169,1993.2253,1597.0194
1535.3173,3025.9806,3892.0658,476.4431,404.1405,279.8878,1477.7594,2998.4678,3935.6808,478.2464,419.0445,300.731,3784.6655,4909.5911,4936.6333,2586.9868,2374.2649,1617.6189,3790.7292,4902.0398,4936.0692,3225.4469,1804.4095,1295.9229,62.1309,680.6907,1568.2524,34.4102,64.1207,58.5003,57.7302,675.5053,1559.1186,40.0125,66.6459,50.1754,3722.5346,4228.9003,3368.3809,2552.5765,2310.1442,1559.1187,3732.9991,4226.5345,3376.9506,3185.4344,1737.7636,1245.7475
1670.5794,3149.2158,4022.1103,494.9221,387.6631,276.0852,1582.7364,3079.9018,4026.8226,493.0219,409.9718,295.265,3784.6655,4909.5911,4936.6333,3127.3242,2582.1566,1628.2287,3790.7292,4902.0398,4936.0692,2618.9764,1937.6665,1885.2317,66.2931,745.6652,1674.2238,34.4102,56.5637,42.0731,165.1951,753.2567,1620.4023,40.0125,53.7729,38.6704,3718.3724,4163.9259,3262.4095,3092.914,2525.5929,1586.1556,3625.5341,4148.7831,3315.6669,2578.9639,1883.8936,1846.5613
1621.9993,3036.0968,3880.9098,466.6543,389.0937,274.3583,1541.1413,3005.401,3923.8656,474.9287,401.7238,295.8566,3784.6655,4909.5911,4936.6333,2450.1713,2451.7089,1141.7894,3782.4336,4902.0398,4936.0692,3749.9627,1961.5936,3301.5791,33.107,636.4012,1589.6777,32.4516,57.5583,50.7448,22.4149,617.471,1613.7617,33.1451,53.1979,50.0764,3751.5585,4273.1899,3346.9556,2417.7197,2394.1506,1091.0446,3760.0187,4284.5688,3322.3075,3716.8176,1908.3957,3251.5027
1573.3748,3045.0165,3905.7304,461.9485,410.6916,281.587,1435.0924,2960.1786,3914.5025,447.5426,435.3381,294.5009,3955.3392,4909.5911,4936.6333,2706.8026,2380.2185,1765.4258,3775.6356,4902.0398,4936.0692,2627.6884,3105.5875,1295.9229,44.3604,838.7468,1586.4516,34.4102,39.0047,45.2948,68.2039,777.7849,1574.2232,33.9461,63.6865,44.7534,3910.9789,4070.8443,3350.1817,2672.3924,2341.2138,1720.131,3707.4317,4124.2549,3361.8461,2593.7423,3041.9011,1251.1695
1656.2729,3172.6883,3981.5364,496.9271,396.9859,281.6689,1610.4032,3134.8581,3963.0849,488.3121,421.7582,292.1507,3784.6655,4909.5911,4936.6333,3849.0515,3088.0425,1646.7285,3909.8049,4902.0398,4936.0692,2618.9764,2869.5595,1839.0226,66.2931,706.3262,1737.4056,35.0647,46.1506,49.8803,36.0135,666.8815,1716.2249,41.2279,50.9526,49.3969,3718.3724,4203.2649,3199.2277,3813.9868,3041.8918,1596.8482,3873.7913,4235.1583,3219.8443,2577.7485,2818.6069,1789.6257
1724.7231,3141.0611,3957.7077,511.82,393.971,275.68,1636.1744,3096.4278,3984.302,486.282,402.117,291.0251,3784.6655,4909.5911,4936.6333,5044.0644,2242.4648,2099.9696,3798.9457,4902.0398,4936.0692,2618.9764,2026.0331,1295.9229,59.6204,795.1852,1751.5438,40.6949,71.3652,51.866,11.5095,791.0892,1563.6077,38.3732,60.0487,70.782,3725.0451,4114.4059,3185.0894,5003.3695,2171.0996,2048.1035,3787.4362,4110.9506,3372.4616,2580.6032,1965.9844,1225.1409
1555.7025,3060.4138,3932.6423,510.2834,403.5637,271.7394,1489.9771,3017.7424,3955.1923,479.9219,421.3438,291.0029,3784.6655,4922.6559,4936.6333,3761.9892,3900.2357,1321.6957,3798.9457,4902.0398,4936.0692,3039.9488,2251.7368,1486.9187,33.9257,751.5831,1700.6395,38.4191,57.7162,50.1256,32.4207,708.4618,1763.7043,38.9807,41.5277,48.1862,3750.7398,4171.0728,3235.9938,3723.5701,3842.5195,1271.5701,3766.525,4193.578,3172.3649,3000.9681,2210.2091,1438.7325
1684.4103,3139.6877,3951.7904,498.774,397.4922,273.425,1552.6779,3057.8755,3941.1984,489.5741,423.1514,285.8198,3784.6655,4909.5911,4936.6333,6102.0826,1918.2791,1967.3893,3788.5354,4902.0398,4936.0692,3265.763,2001.7844,1511.9883,52.0466,831.0916,2224.8348,38.2967,50.5154,50.1893,38.4081,1175.7138,2545.7994,35.0415,48.4757,51.1566,3732.6188,4078.4995,2711.7985,6063.7859,1867.7637,1917.2,3750.1274,3726.326,2390.2699,3230.7215,1953.3087,1460.8317
1579.7869,2992.4312,3862.2889,462.3665,388.9342,277.4787,1501.1364,2968.1922,3901.2251,452.0441,406.5522,290.3479,3790.5063,4909.5911,4936.6333,2251.8053,3484.2146,1195.6175,3803.223,4902.0398,4936.0692,2618.9764,2191.476,1295.9229,37.2736,751.1577,1552.309,42.4052,55.2496,45.5415,14.6026,758.1328,1553.2767,38.5333,71.6838,53.5592,3753.2327,4158.4334,3384.3243,2209.4001,3428.965,1150.076,3788.6204,4143.907,3382.7926,2580.4431,2119.7922,1242.3638
1401.198,3038.0048,3978.761,438.4623,389.8576,318.0943,1360.3656,2984.9566,3959.396,425.4002,420.269,354.0564,3740.2356,4889.2895,4936.6333,2238.3957,1357.3779,1806.3705,3808.227,4893.4008,4935.1909,2062.1508,3487.8129,2550.0795,35.8251,838.1264,1866.9398,38.2747,71.5152,91.6109,38.5795,824.0953,1947.2062,34.6446,44.9154,74.9573,3704.4105,4051.1631,3069.6935,2200.121,1285.8627,1714.7596,3769.6475,4069.3055,2987.9847,2027.5061,3442.8975,2475.1222
1648.2563,3181.8951,3990.6426,504.4623,392.7152,283.0697,1625.6912,3171.3767,4037.5756,505.7401,404.4457,318.3591,3863.6646,4918.4335,4936.6333,3185.2764,2182.324,1412.4261,3776.9577,4893.4008,4935.1909,2790.9977,1833.8372,1288.2215,22.2548,746.386,2144.7983,39.5214,46.4826,55.2464,38.5795,713.9529,1956.9371,38.3487,38.4608,52.7247,3841.4098,4172.0475,2791.835,3145.7549,2135.8415,1357.1798,3738.3781,4179.4479,2978.2538,2752.649,1795.3764,1235.4968
1446.9537,3154.6605,4049.3514,504.977,402.8731,322.0314,1380.7109,3111.2768,4059.535,492.8486,421.9631,378.4533,3740.2356,4889.2895,4936.6333,2387.7733,1787.4734,2182.3468,3758.6635,4861.5515,4935.1909,2645.5307,2474.0935,2986.4528,57.7666,884.8139,2109.9436,44.5989,48.4677,91.8918,62.1511,939.4584,1940.1091,52.1538,54.6564,66.7968,3682.469,4004.4756,2826.6897,2343.1745,1739.0057,2090.4551,3696.5123,3922.0931,2995.0818,2593.3768,2419.4371,2919.6559
1525.768,3229.0973,4091.0551,496.3695,421.9603,310.4776,1442.1626,3180.7615,4107.3825,480.3278,426.8232,351.8333,3740.2356,4889.2895,4936.6333,4580.2937,3037.5968,1776.9143,3780.1784,4861.5515,4935.1909,5448.6026,2561.7609,2181.4753,46.8207,607.0682,2751.7723,33.9948,51.5916,73.7172,39.9892,887.5027,2602.539,35.2174,44.1101,85.8413,3693.4149,4282.2213,2184.861,4546.2989,2986.0052,1703.1971,3740.1892,3974.0488,2332.6519,5413.3851,2517.6509,2095.6339
1394.081,2990.0331,4009.272,465.6904,419.8109,321.9381,1323.5369,2935.8621,3985.3715,457.616,424.9561,354.2996,3801.569,4890.1081,4936.6333,3193.4797,1898.2133,1554.5703,3764.8532,4913.3859,4941.4959,2100.3918,3023.4991,3130.7223,31.7005,782.7002,2129.8853,33.6267,54.9682,89.4537,11.9272,757.7928,2046.1068,30.9961,50.9817,87.8907,3769.8685,4107.4079,2806.748,3159.853,1843.2451,1465.1166,3752.926,4155.5931,2895.3891,2069.3957,2972.5174,3042.8316
1457.4429,3190.4887,4053.396,468.6839,425.085,321.4909,1377.3308,3133.8049,4080.6266,453.5294,421.2486,338.6124,3753.8557,4889.2895,4936.6333,2829.1269,2776.6003,1566.0043,3727.0612,4898.5832,4935.1909,2408.0305,3798.1891,1803.5301,17.4992,874.4116,1904.6974,44.1341,71.6551,93.6613,12.8085,939.3653,1996.0177,41.2776,85.0844,94.3143,3736.3564,4014.8779,3031.9359,2784.9927,2704.9452,1472.343,3714.2527,3959.218,2939.1732,2366.7529,3713.1048,1709.2158
1477.6461,3155.1757,3993.5846,471.0155,473.4966,331.7482,1396.1102,3055.3811,4003.6012,444.0355,481.9484,369.9361,3811.5633,4911.9591,4936.6333,3979.6182,4160.7267,2181.7644,3800.8958,4885.3808,4959.6633,2944.705,2122.9097,2430.1885,11.5762,864.7214,2408.7773,40.5709,77.5242,75.4788,24.3623,937.6843,2478.0832,37.8914,61.0258,81.2583,3799.9871,4047.2377,2527.8559,3939.0473,4083.2025,2106.2856,3776.5335,3947.6966,2481.5801,2906.8136,2061.8838,2348.9302
1345.3442,3043.7194,3991.0021,470.9905,429.1073,341.9284,1273.3033,2986.5485,3977.369,461.3592,417.8438,378.5675,3740.2356,4889.2895,4936.6333,4295.9453,2070.5327,3201.802,3747.6788,4948.8797,4935.1909,3251.0847,1949.5581,3194.8481,37.3724,916.9094,2096.9773,36.8074,39.7193,60.8403,11.1437,883.9644,2203.7738,35.8871,37.0466,52.9216,3702.8632,3972.3802,2839.656,4259.1379,2030.8134,3140.9617,3736.5351,4064.9153,2731.4171,3215.1976,1912.5115,3141.9265
1320.3805,3059.9169,4009.4121,451.2843,417.7292,348.617,1229.0683,3015.5141,4038.1992,440.8648,409.832,367.5261,3768.4395,4909.4535,4901.8431,2307.3887,1572.7337,1481.4929,3801.5233,4882.1761,4935.1909,2449.1915,1491.5763,2416.1542,12.0251,791.7949,1939.0637,38.8714,41.4732,68.8192,28.1377,777.844,2060.3686,35.2257,57.8549,69.0377,3756.4144,4117.6586,2962.7794,2268.5173,1531.2605,1412.6737,3773.3856,4104.3321,2874.8223,2413.9659,1433.7214,2347.1165
1515.0956,3128.9468,4053.8542,509.4633,453.5991,357.3478,1407.9582,3028.8192,4008.9252,507.6698,457.1681,366.4788,3758.31,4900.6583,4998.1645,3095.3132,4526.0029,1736.2791,3943.4738,4910.9186,4935.1909,3289.3177,2400.7035,1574.7918,32.7193,766.7568,1714.0929,56.2011,43.0957,84.3366,12.1404,784.2418,2008.867,49.1405,40.6115,95.7149,3725.5907,4133.9015,3284.0717,3039.1122,4482.9072,1651.9426,3931.3334,4126.6768,2926.3239,3240.1772,2360.092,1479.0769
1560.2156,3264.3902,4129.4066,536.4408,456.4932,338.4646,1414.7587,3133.4384,4063.3756,512.8175,449.246,343.621,3770.9318,4929.4031,4907.1172,3087.6858,2379.9608,1663.199,3768.9216,4889.2141,4935.1909,3311.8707,2106.9293,1630.4177,101.5048,1021.2175,2323.6747,52.0362,60.4422,56.1453,123.951,1052.6163,2433.8928,50.0946,78.5902,81.9446,3669.427,3908.1856,2583.4425,3035.6496,2319.5186,1607.0537,3644.9707,3836.5978,2501.2981,3261.7761,2028.3391,1548.4731
1498.0252,3108.7983,4044.1749,545.6792,460.3427,359.0491,1388.1786,3013.7929,3990.0726,497.8631,465.5364,351.7321,3796.0819,4892.9989,4925.5516,8407.9724,2523.6557,1268.212,3759.7229,4935.212,4935.1909,3120.2296,1556.6796,1574.7918,21.2769,960.8132,2012.5189,44.1854,104.4813,100.0331,16.5777,965.6282,2009.2919,38.1729,89.9063,114.3911,3774.8049,3932.1857,2913.0327,8363.787,2419.1744,1168.1789,3743.1451,3969.5838,2925.899,3082.0568,1466.7733,1460.4007
1535.6809,3186.6607,4051.0422,518.0125,468.3328,343.5693,1391.8739,3118.6667,4058.405,514.9756,458.0231,363.2377,3781.4887,4903.0952,4930.3483,2238.3957,2856.137,1148.7823,3754.351,4881.024,4975.2409,3414.528,4215.0955,1633.4129,58.0701,874.3012,1936.1001,38.5184,65.0695,50.2947,34.3408,929.2115,2000.405,41.128,61.6452,57.8435,3723.4186,4028.794,2994.2483,2199.8773,2791.0675,1098.4875,3720.0101,3951.8125,2974.8358,3373.4,4153.4503,1575.5694
1297.2881,2956.479,3930.2832,420.475,451.2186,338.7196,1207.0483,2900.3236,3979.7478,424.5993,432.5069,340.092,3812.077,4888.1035,4933.3396,2238.3957,1946.6972,1570.3801,3749.9789,4870.6134,4935.1909,9518.6977,1917.2124,1695.5475,181.3104,863.7786,1875.7537,32.9243,63.6587,53.2817,24.8365,917.4907,1857.0183,32.0598,64.8074,57.9889,3630.7666,4024.325,3057.5859,2205.4714,1883.0385,1517.0984,3725.1424,3953.1227,3078.1726,9486.6378,1852.405,1637.5586
1576.3427,3208.7946,4119.2047,470.0302,475.0926,351.4787,1329.9559,3056.2575,4036.416,455.5948,466.4477,346.7625,3857.6564,4913.1207,4922.7958,2238.3957,3164.0092,1748.4552,3803.5793,4899.8942,4935.1909,2285.7866,3720.6885,2217.1516,54.2959,829.4982,2070.5714,40.5012,79.5089,77.9976,33.9968,799.4613,2002.0335,40.6515,67.986,47.7053,3803.3605,4083.6225,2852.2244,2197.8944,3084.5004,1670.4577,3769.5825,4100.4329,2933.1574,2245.1352,3652.7024,2169.4463
1462.546,3231.5879,4158.6986,469.8166,449.6516,340.1611,1420.1825,3127.486,4080.9584,492.0568,436.1204,358.3469,3899.0144,4888.1035,4930.3674,2579.9451,4813.6962,1750.5164,3725.7265,4882.251,4983.0771,3681.5397,3376.1058,7045.3761,102.7654,814.3504,2119.537,31.5395,48.8577,45.7218,12.2967,885.5742,2043.6927,31.6453,43.7596,51.4568,3796.249,4073.7531,2810.8304,2548.4055,4764.8385,1704.7946,3713.4299,3996.6768,2939.3844,3649.8944,3332.3462,6993.9193
1542.3962,3263.0063,4159.3509,552.4491,451.8107,346.5658,1470.3952,3157.0839,4085.625,561.6649,439.6788,364.5851,3777.883,4939.6391,4920.0718,2604.1161,2154.2741,1699.2562,3761.2729,4900.5769,4935.8416,2979.3136,2496.1015,1173.5073,13.0731,1156.206,2787.7782,58.7709,63.0691,75.2681,15.494,771.5795,2726.1044,69.2855,65.8244,65.3297,3764.8099,3783.4331,2132.2936,2545.3452,2091.2051,1623.9881,3745.7789,4128.9974,2209.7372,2910.0281,2430.2771,1108.1776
1516.7218,3094.9108,3953.3374,501.1365,442.4692,340.8084,1395.7215,2936.4548,3894.7569,477.0586,469.1499,364.4682,3821.312,4940.5258,4967.2164,2625.6603,1944.8634,2116.105,3774.8006,4906.8854,4935.1909,2533.1866,2796.3784,2194.1664,17.2936,929.5204,2163.8295,46.5339,77.4528,101.3547,12.7351,1006.8217,1937.7742,38.6949,49.6916,87.6658,3804.0184,4011.0054,2803.3869,2579.1264,1867.4107,2014.7503,3762.0656,3900.0637,2997.4167,2494.4917,2746.6868,2106.5006
1647.2138,3333.9124,4172.6253,563.2232,446.1455,363.3576,1518.077,3167.407,4075.5823,548.6903,443.8295,366.4937,3762.0639,4905.1827,4917.3184,2994.5415,2111.0461,1605.3956,3755.2643,4915.9751,4935.1909,4178.7648,3743.6947,1650.4394,138.802,767.0896,2155.9449,61.1544,94.7047,76.2432,184.9515,727.4406,2245.1714,61.0618,88.3989,83.0798,3623.2619,4138.0931,2761.3734,2933.3871,2016.3414,1529.1524,3570.3129,4188.5345,2690.0195,4117.703,3655.2959,1567.3596
1569.8849,3203.5769,4104.6734,504.4416,434.7559,350.4301,1487.5299,3109.1136,4040.3734,534.2115,429.8953,351.2899,3807.2399,4916.8027,4914.528,2886.7051,3416.6427,1141.7894,3777.9646,4917.5412,4935.1909,4178.7648,2938.5084,1561.0054,56.7152,969.1306,2446.3216,32.6546,61.903,78.9134,13.5015,983.5682,2247.6357,33.9673,66.6033,69.233,3750.5247,3947.6721,2468.2064,2854.0505,3354.7397,1062.876,3764.463,3933.973,2687.5552,4144.7975,2871.9051,1491.7724
1480.81,3141.9191,4112.1178,498.7426,460.2595,363.0955,1429.0224,3074.3517,4052.9891,480.7857,444.5276,362.5163,3824.3446,4901.4206,4970.0856,3256.688,1898.2856,1887.2707,3905.6001,4895.434,4935.1909,3339.792,3078.5239,1259.0741,53.8621,947.493,2407.9065,47.1776,63.0307,73.7917,34.3975,1001.4825,2508.6323,34.6089,77.1661,70.9174,3770.4824,3953.9276,2562.1791,3209.5104,1835.255,1813.479,3871.2026,3893.9515,2426.5586,3305.1831,3001.3578,1188.1567
1581.9073,3205.8,4061.757,514.4251,401.9353,286.9748,1544.0291,3147.9085,4064.1768,520.7828,389.0274,293.1565,3740.2356,4900.6354,4926.5048,2788.3824,1768.4838,1412.4523,3760.8031,4923.648,4935.1909,2768.1494,3078.5239,1310.2641,43.6686,595.1102,2205.5143,41.9581,54.0161,79.9213,19.1188,748.7869,2270.0397,33.4375,49.6354,84.7431,3696.567,4305.5252,2720.9904,2746.4243,1714.4677,1332.5309,3741.6843,4174.861,2665.1512,2734.7119,3028.8885,1225.521
1706.032,3247.4714,4054.4324,530.1801,412.4518,266.0001,1614.1978,3197.2244,4082.8159,520.4725,412.1932,264.2655,3765.216,4914.8378,4939.1857,3024.8141,1772.2348,2501.754,3773.9987,4936.1248,4943.459,2093.3786,1495.0053,1861.7425,13.2657,1062.0578,2468.8537,38.4911,98.7251,85.6158,11.2772,1141.5449,2460.7709,47.1586,84.4999,108.5122,3751.9503,3852.78,2470.332,2986.3229,1673.5097,2416.1382,3762.7214,3794.5799,2482.6881,2046.2201,1410.5054,1753.2303
1675.0646,3270.0199,4091.3419,547.1828,403.5531,267.7079,1593.8673,3200.2761,4086.9543,512.8096,403.8464,278.7268,3797.9096,4934.9322,4931.4616,4713.4603,2028.4622,1304.9707,3798.725,4937.8003,4939.7444,2831.5457,2782.3657,1660.5138,33.8761,890.4143,1898.5918,34.1771,41.4868,76.8715,16.1187,868.1236,1931.9606,35.4395,40.7215,72.437,3764.0334,4044.5179,3032.8698,4679.2832,1986.9754,1228.0993,3782.6063,4069.6767,3007.7838,2796.1062,2741.6442,1588.0768
1681.0456,3205.1096,4021.4812,537.2255,410.9485,280.329,1651.556,3149.393,3978.6158,548.9005,426.3721,278.7172,3753.243,4923.0439,4922.8566,3485.3704,2063.2087,2455.9438,3768.0409,4937.8003,4935.1909,3039.1603,5078.4663,1660.5138,57.5,746.4489,2559.0909,43.4653,74.4986,95.3527,12.6226,1078.4142,2253.3571,41.9494,62.4759,76.2495,3695.743,4176.595,2363.7657,3441.9051,1988.7101,2360.5911,3755.4183,3859.3861,2681.8338,2997.2109,5015.9904,1584.2643
1724.6606,3347.296,4102.0871,569.1,395.1548,265.9778,1629.9118,3196.8101,4043.415,591.2739,402.5101,268.4497,3761.0267,4918.9351,4910.023,3743.2908,3075.9141,1307.0878,3763.1465,4937.8003,4935.1909,3235.6593,2112.3628,1660.5138,12.5519,1264.7995,2628.7028,35.5656,75.3042,48.3325,80.0844,1202.0632,2814.5204,33.718,59.6031,49.2047,3748.4748,3654.1357,2281.3202,3707.7252,3000.6099,1258.7553,3683.0621,3735.7371,2120.6705,3201.9413,2052.7596,1611.3091
1707.5656,3343.0125,4154.1669,555.4157,387.3527,263.5053,1606.8896,3201.4362,4075.3806,554.7274,402.742,273.2439,3756.1879,4928.4472,4927.7516,6967.7249,1974.4024,1667.4741,3757.8968,4909.9803,4972.1464,3427.7881,1491.5763,2278.7389,49.8812,1074.9028,2654.5364,39.9344,59.2122,65.3887,98.9418,1150.2647,2695.8769,45.5546,71.2079,76.7911,3706.3067,3853.5444,2273.2152,6927.7906,1915.1902,1602.0854,3658.9551,3759.7156,2276.2696,3382.2335,1420.3684,2201.9479
1803.7835,3363.5758,4111.9133,576.1567,415.5279,262.1067,1801.5735,3306.1461,4128.262,591.9614,405.4935,271.7452,3790.3955,4922.6691,4929.2099,2582.7553,6510.9729,1309.5415,3786.5598,4919.2469,4935.1909,3066.0437,1491.5763,1377.7366,12.1557,852.0904,2395.0706,39.9344,55.5952,84.2365,13.7175,851.2622,2391.4537,45.5546,63.0403,103.157,3778.2398,4070.5788,2534.1393,2542.821,6455.3777,1225.305,3772.8423,4067.9847,2543.7372,3020.4891,1428.536,1274.5795
1535.0512,3127.3518,3979.3938,523.7274,433.2389,328.9537,1443.2686,3035.6291,3989.003,502.6805,464.4358,383.0245,3775.6282,4888.1035,4910.7928,3755.2876,2485.4468,1448.5075,3750.211,4893.7953,4940.7829,2937.4154,2085.9514,2265.9446,10.8004,831.982,1981.9166,53.8705,41.7026,59.491,13.7682,817.549,2020.4239,68.472,57.0543,68.2284,3764.8278,4056.1215,2928.8762,3701.4171,2443.7442,1389.0165,3736.4428,4076.2463,2920.359,2868.9433,2028.8972,2197.7162
1703.9382,3207.8589,4072.8501,491.1675,382.5001,273.392,1625.7509,3070.983,4058.3934,466.8394,396.5631,310.3504,3786.3787,4920.2998,4948.6501,2390.6218,1480.3188,1280.4456,3784.7839,4883.2479,4946.3766,1909.8104,2660.6598,1747.2815,34.9038,975.0412,2231.2893,54.4332,78.9694,57.8814,37.6553,935.7504,2518.4673,43.7563,68.0909,56.3557,3751.4749,3945.2587,2717.3608,2336.1886,1401.3494,1222.5642,3747.1286,3947.4976,2427.9093,1866.0542,2592.5689,1690.9258
1582.1821,3164.5826,4060.8024,488.0322,436.1119,291.9488,1527.3119,3033.1799,3953.2591,517.279,431.9164,306.7225,3757.5694,4905.1145,4935.5946,2238.3957,2579.9633,2040.7201,3861.0548,4942.8958,4940.7829,5135.0473,3275.8715,1621.2882,16.5877,1151.5786,2013.8427,37.7487,70.3343,67.1257,26.3416,1022.9424,2572.2981,37.6452,59.1366,103.157,3740.9816,3753.5358,2921.7519,2200.6469,2509.629,1973.5944,3834.7132,3919.9534,2368.4848,5097.4021,3216.7349,1518.1312
1775.9262,3301.6512,4121.286,535.3436,410.8974,291.9311,1681.4973,3170.4043,4071.0133,530.9178,419.2606,297.4931,3784.5329,4931.5748,4941.0751,3675.587,1980.5677,1491.2737,3784.0235,4904.8852,4968.6698,3210.2674,3037.9958,1558.9451,38.2402,959.9971,2180.0548,44.891,49.5097,79.3439,39.7683,821.9779,2337.9803,59.7558,77.9618,57.9369,3746.2927,3971.5777,2761.0203,3630.696,1931.058,1411.9298,3744.2552,4082.9073,2630.6895,3150.5116,2960.034,1501.0082
1683.5258,3196.8789,4038.8611,502.9006,410.2227,291.6983,1577.5133,3033.1824,3972.6084,496.7161,419.4081,295.1836,3860.3222,4909.4595,4929.9437,3789.4675,2432.7815,2127.6806,4030.1581,4902.0775,4968.6698,2703.8723,4092.7845,1558.9451,76.2931,1039.924,2390.6186,41.2333,59.1917,56.6444,89.899,1113.1138,2290.7954,39.5612,60.1947,80.1788,3784.0291,3869.5355,2539.3251,3748.2341,2373.5898,2071.0361,3940.2591,3788.9637,2677.8744,2664.3111,4032.5898,1478.7663
1703.0111,3150.805,3997.3664,533.5684,415.5689,289.5569,1691.0805,3111.9012,3995.341,516.6988,401.8021,293.837,3754.4633,4898.8911,4929.9437,2597.2396,3958.4386,1865.4079,4002.2936,4879.0372,4968.6698,3984.7224,1718.0974,1558.9451,11.6708,971.1199,1848.0576,41.854,69.9314,102.2068,184.9515,971.1768,1968.3832,42.4766,56.8695,84.023,3742.7926,3927.7712,3081.8861,2555.3857,3888.5072,1763.2011,3817.3421,3907.8604,3000.2866,3942.2458,1661.2279,1474.9221
1585.0355,3090.7985,3958.0891,502.7005,397.1905,295.9638,1523.2345,3023.677,3970.1804,492.441,418.0791,318.7661,3783.3094,4896.5901,4923.1279,2535.2978,3233.3468,1440.3224,3786.3707,4868.1532,4968.6698,5952.7358,6263.1335,2192.6443,97.8627,784.5826,1608.4394,38.3318,47.1079,103.404,57.394,846.9802,1638.5167,42.7588,39.5828,95.6679,3685.4467,4112.0075,3314.6885,2496.966,3186.2389,1336.9185,3728.9767,4021.173,3330.1531,5909.977,6223.5507,2096.9764
1681.2393,3178.4214,4006.5356,536.0441,403.9346,298.2838,1607.8464,3129.8098,4025.0878,520.9618,425.1695,315.7992,3754.348,4896.5901,4923.1279,2781.7968,2034.1787,1377.6956,3858.6816,4875.3993,4968.6698,4076.4051,1996.1069,1602.7381,33.5784,1065.1265,2501.4425,37.1463,53.4239,60.0025,33.796,1086.4202,2298.3507,39.0015,40.8314,61.0681,3720.7696,3831.4636,2421.6855,2744.6505,1980.7548,1317.6931,3824.8855,3788.9792,2670.3191,4037.4036,1955.2755,1541.67
1606.9395,3174.0948,4049.1065,527.0816,402.7739,299.1046,1552.1929,3088.6311,4028.568,519.5067,415.854,316.5221,3766.3927,4896.5901,4923.1279,2723.8992,2420.6361,1141.7894,3808.8108,4889.6354,4968.6698,2639.8747,2453.8556,1846.7454,43.0685,727.6887,2109.0719,44.891,50.5693,78.5487,184.9515,626.3133,2152.5503,59.0127,51.6215,63.502,3723.3243,4168.9014,2814.056,2679.0082,2370.0668,1063.2408,3623.8593,4263.3221,2816.1195,2580.8621,2402.2341,1783.2434
1553.5084,3155.4524,4042.4083,520.5185,436.3161,306.3452,1506.372,3086.3802,4039.9469,523.0213,458.222,323.9503,3740.2356,4888.1035,4923.1279,4423.0963,2064.1151,3412.1467,3800.8193,4874.5074,4968.6698,3344.0143,4277.8185,1558.9451,33.4179,1168.2484,2561.0674,42.0207,39.454,88.1525,51.1675,1256.5669,1981.306,39.6476,70.7128,103.157,3706.8177,3719.8551,2362.0605,4381.0756,2024.6611,3323.9942,3749.6518,3617.9404,2987.3638,3304.3667,4207.1057,1455.788
1562.8171,3063.2721,3917.0261,506.4863,419.6068,321.7635,1471.7375,2994.334,3918.0216,502.7585,427.4724,321.9552,3740.2356,4890.1183,4947.7787,2528.6577,1923.5128,2545.5123,3718.5903,4861.5515,4968.6698,2425.5916,2511.7268,1558.9451,110.2393,793.1121,2173.5205,44.891,69.2702,74.398,57.955,785.3642,1989.9934,44.1166,52.2016,80.1735,3629.9964,4097.0062,2774.2582,2483.7667,1854.2426,2471.1143,3660.6353,4076.1873,2978.6764,2381.4749,2459.5252,1478.7716
1419.804,3081.8679,3928.508,467.1078,450.8609,328.2968,1318.5327,2968.0879,3960.5799,448.9624,458.8846,358.2134,3799.759,4888.1035,5101.4058,3278.1425,2039.8373,1497.1305,3769.4749,4885.2028,4935.1909,2336.108,2994.6137,1804.9252,20.6285,754.452,2421.4846,37.5699,69.6704,112.616,13.2825,681.2236,2475.4019,40.8619,68.7108,89.843,3779.1305,4133.6515,2679.9212,3240.5725,1970.1669,1384.5144,3756.1924,4203.9793,2459.789,2295.2461,2925.9029,1715.0822
1546.3039,3155.8126,4019.3118,546.4494,420.4121,314.7705,1452.4556,3048.2677,3994.6165,531.712,449.8026,335.2607,3747.9035,4889.0717,4910.7928,2881.1928,1822.9585,1253.0672,3760.4261,4875.3048,4935.1909,4989.4944,3090.7549,1494.6534,28.3629,580.4302,1779.8133,49.5562,66.4222,62.436,123.0424,689.603,1809.2343,43.6534,46.4786,63.0454,3719.5406,4308.6415,3130.9795,2831.6366,1756.5362,1190.6312,3637.3836,4185.7018,3125.9566,4945.841,3044.2763,1431.6081
1532.6983,3095.2351,3985.9491,517.6069,427.4756,308.7587,1534.0569,3089.7578,4014.4669,487.4891,443.0765,328.4524,3747.9035,4888.1035,4910.7928,3093.1169,2129.6618,1334.6742,3797.015,4875.3048,4935.1909,1987.471,2230.9961,1821.7492,120.2385,914.5617,2059.1806,38.1631,64.5786,57.7819,76.0874,1029.2592,1906.0481,45.8666,89.3497,83.1836,3627.665,3973.5418,2851.6123,3054.9537,2065.0832,1276.8923,3720.9276,3846.0456,3029.1428,1941.6044,2141.6464,1738.5655
1478.3708,2976.2577,3950.4438,455.3488,422.4527,300.8693,1383.1701,2926.57,3967.6933,445.1878,429.0018,326.3584,3747.9035,4888.1035,4910.7928,2881.1928,4937.1328,1949.7502,3795.9796,4875.3048,4935.1909,2507.4354,2244.2276,1932.7557,165.998,1245.6717,2151.0267,37.4168,65.4427,51.4,184.9515,1187.1796,1935.9556,32.7797,49.2902,51.5962,3581.9055,3642.4318,2759.7662,2843.776,4871.6901,1898.3502,3611.0282,3688.1252,2999.2353,2474.6557,2194.9375,1881.1596
1481.5251,3054.0259,3917.5375,443.3441,444.2663,332.2948,1432.5475,3054.7861,3988.3301,437.6801,429.2089,320.5246,3747.9035,4888.1035,4910.7928,3085.5455,2661.1275,2150.2953,3760.4261,4875.3048,4935.1909,2902.1888,2192.855,1426.9297,14.8842,651.9641,1930.338,40.1781,40.6638,83.8708,46.7186,751.7293,1913.5734,36.6667,55.4771,63.6769,3733.0193,4236.1394,2980.4548,3045.3674,2620.4638,2066.4244,3713.7074,4123.5755,3021.6175,2865.5221,2137.3779,1363.2528
1563.2831,3082.6253,3956.4466,495.7891,430.1491,324.9476,1470.9321,3027.2375,3944.6217,479.2617,430.2202,317.2774,3786.3569,4888.1035,4913.5881,3051.285,2661.1275,1311.4288,3760.4261,4875.3048,4935.1909,2373.3486,2662.9992,1603.1539,55.0516,770.1942,1620.0085,39.4016,56.6664,78.4726,57.566,832.7442,1761.1382,36.6017,79.9349,51.9332,3731.3053,4117.9093,3293.5796,3011.8834,2604.4611,1232.9562,3702.8601,4042.5607,3174.0527,2336.7469,2583.0643,1551.2207
1514.4027,3061.4754,3973.2114,507.3735,419.6037,316.6275,1492.2227,3053.2542,3989.7537,487.4009,402.5691,319.308,3747.9035,4888.1035,4939.6576,3183.4931,1878.4246,1858.1069,3760.4261,4875.3048,4935.1909,2444.0501,3260.5303,2275.5037,13.756,1241.0317,2019.7898,42.1266,47.5248,62.0357,57.566,799.8453,2248.6936,42.9152,59.8257,54.4547,3734.1474,3647.0718,2919.8679,3141.3665,1830.8998,1796.0712,3702.8601,4075.4595,2686.4973,2401.1349,3200.7046,2221.049
1606.0716,3108.1632,4007.367,517.6032,404.2913,331.4132,1540.3676,3034.5605,3979.9199,506.9485,403.6451,330.7579,3768.2931,4916.5612,4914.036,2881.1928,2055.0128,1705.5626,3760.4261,4875.3048,4935.1909,2205.219,1877.3092,2253.1111,117.5988,1018.9009,2050.4517,41.6596,45.2719,75.9784,47.1536,1088.2065,2007.4652,40.4074,60.8259,70.2202,3650.6942,3897.6604,2863.5842,2839.5332,2009.7409,1629.5841,3713.2724,3787.0983,2927.7257,2164.8116,1816.4833,2182.8909
1539.2718,3053.145,3909.1651,509.8214,428.4441,334.8603,1475.551,3006.5117,3955.2625,514.773,431.525,334.4908,3872.1357,4889.537,4910.7928,6146.8679,2523.0551,1801.8904,3760.4261,4954.0084,4975.7095,4078.7093,3230.6413,2763.0627,15.8212,636.9221,1503.3217,41.242,37.8991,54.8444,16.1615,734.242,1559.7045,43.5479,37.4899,51.1115,3856.3145,4252.6149,3407.4712,6105.6259,2485.1559,1747.046,3744.2646,4219.7664,3416.005,4035.1614,3193.1514,2711.9512
1592.7604,3102.2411,3961.2358,484.5806,437.8747,333.6692,1506.2329,3035.3398,3983.9822,502.8248,407.4494,345.2694,3832.5472,4888.1035,4910.7928,2881.1928,3622.4796,1677.6782,3760.4261,4875.3048,4965.596,5443.3669,1622.6556,6181.167,10.8263,854.2771,2107.9482,38.5425,59.9837,46.403,59.4104,895.6817,2012.895,39.8781,55.987,54.1315,3821.7209,4033.8264,2802.8447,2842.6503,3562.4959,1631.2752,3701.0157,3979.6232,2952.7011,5403.4888,1566.6686,6127.0355
1510.8649,3068.1431,3975.9687,516.0565,452.8802,329.5423,1496.1156,3052.8626,4010.9159,503.676,416.1627,323.605,3778.4423,4894.8976,4925.171,2917.1211,2255.5751,1396.6564,3760.4261,4875.3048,4935.1909,1806.2055,2161.1336,6181.167,10.8263,753.7704,2532.0934,39.6092,51.6561,64.8714,33.4265,779.317,2661.6356,42.9281,57.4292,70.706,3767.616,4141.1272,2393.0777,2877.5119,2203.919,1331.785,3726.9996,4095.9879,2273.5553,1763.2774,2103.7045,6110.461
1524.3713,3114.9713,3973.9656,519.725,455.4626,317.6413,1465.5519,3039.579,3997.5535,522.2211,476.7074,347.5461,3778.5397,4888.1035,4929.7535,2945.8395,3842.3599,1229.3347,3791.3234,4882.5629,4935.1909,3673.3723,1895.845,1596.4118,16.7424,958.8252,2259.0468,54.2643,55.8723,87.698,11.0806,1061.8473,2163.3085,53.3704,78.4438,91.2809,3761.7973,3929.2783,2670.7067,2891.5753,3786.4876,1141.6367,3780.2428,3820.7156,2771.8824,3620.0019,1817.4012,1505.1309
1501.9402,3030.7715,4004.1217,474.3762,409.8341,334.283,1468.6888,3048.5707,3998.7959,468.7143,420.3218,331.1772,3795.0285,4907.5564,4914.8603,2238.3957,2365.112,1349.4354,3744.8847,4872.596,4935.1909,3673.3723,2546.0966,1640.0143,14.0864,800.2045,1559.9144,37.2675,59.5643,58.4094,16.0427,773.9898,1548.8334,36.4319,57.6891,66.4719,3780.9421,4107.3519,3354.9459,2201.1282,2305.5477,1291.026,3728.842,4098.6062,3386.3575,3636.9404,2488.4075,1573.5423
1492.438,3107.1391,3960.7714,514.0685,421.7023,313.3704,1434.7114,3056.8763,4031.2756,498.3452,428.9596,355.1468,3771.3839,4888.1035,4941.0475,3221.348,3721.069,1334.0911,3810.0462,4898.2553,4948.7113,2456.9414,2897.0349,2128.8526,88.0211,698.4484,2847.7808,44.0167,57.3843,71.0631,80.1992,765.2536,2799.6476,46.7755,52.2072,57.5428,3683.3628,4189.6551,2093.2666,3177.3313,3663.6847,1263.028,3729.847,4133.0018,2149.0637,2410.166,2844.8277,2071.3097
1509.8784,3190.955,4067.7533,496.4512,427.8043,320.9673,1311.05,2991.635,4028.6031,489.0431,470.6763,370.1175,3760.8819,4888.1035,4908.1473,2862.0441,2806.026,1348.3281,3744.7669,4929.6596,4951.8298,2214.326,4545.5977,1570.566,55.0892,789.2055,1799.3238,43.9054,47.8683,38.0067,37.8606,795.1185,1791.44,35.7901,48.0305,48.7046,3705.7927,4098.898,3108.8235,2818.1387,2758.1578,1310.3214,3706.9063,4134.5411,3160.3898,2178.5359,4497.5672,1521.8615
1618.1053,3181.2558,4042.3947,513.2748,443.9979,323.3873,1454.9547,3053.9041,4025.8159,491.8205,486.9597,347.5737,3791.9174,4906.5475,4918.6659,3040.2349,2732.8541,1902.8942,3751.9276,4927.302,4942.6175,2897.7304,2574.9844,1714.3988,35.1307,823.4532,2439.9549,36.8851,54.1875,50.7858,63.004,982.085,2352.0379,36.3356,54.125,66.71,3756.7867,4083.0943,2478.711,3003.3499,2678.6666,1852.1084,3688.9236,3945.217,2590.5796,2861.3948,2520.8593,1647.6888
1530.268,3238.2102,4092.5194,522.4085,432.1875,326.0796,1371.9274,3121.7671,4065.3651,547.1535,473.2887,361.7391,3748.6603,4888.1035,4912.505,2435.0646,1921.2049,1325.0078,3752.5456,4927.302,4953.0385,14018.7569,2694.9209,1240.7556,34.5349,740.1428,2681.6964,40.6714,52.1359,53.7815,16.8807,801.1437,2503.7034,40.1987,57.248,45.8312,3714.1254,4147.9608,2230.8086,2394.3933,1869.069,1271.2263,3735.665,4126.1582,2449.3351,13978.5581,2637.6729,1194.9244
